instance,cfg,rep,identical,sols,exp,gen,reins,wall,p_global,p_ch_gen,p_ch_re,p_local,p_full,p_update,p_build,cmpchk,cmpupd,cmpfull,cmpch,ch_gen,ch_re,ch_first,ch_later,ch_none,ch_ideal,ch_tree,ch_nodes,avg_skip,avg_H,avg_T,loc,loc_notr,loc_tdisc,loc_bad,loc_good,kd_builds,kd_rebuilds,htrees,loc_hist,T_hist
grid10_M3_r-0.6_s42/K50.mvh,base,0,True,1559,41129,81390,6258,0.2220,1.6,19.2,3.4,29.6,19.7,3.5,0.0,5251415,907356,18798978,23353173,281550,14281,169543,81274,45014,0,0,0,1.49,50.0,27.9,311668,103865,156605,38803,12395,0,0,0,"4221,2063,6679,20941,67828,176946,32990,0,0,0,0,0,0,0,0,0,0,0,0,0,0,0,0,0","7424,1544,6378,8123,8580,139898,123884,0,0,0,0,0,0,0,0,0,0,0,0,0,0,0,0,0"
grid10_M3_r-0.6_s42/K50.mvh,flatH,0,True,1559,41129,81390,6258,0.1923,1.6,18.9,3.3,29.1,19.1,3.5,0.0,5251415,907356,18798978,23353173,281550,14281,169543,81274,45014,0,0,0,1.49,50.0,27.9,311668,103865,156605,38803,12395,0,0,98,"4221,2063,6679,20941,67828,176946,32990,0,0,0,0,0,0,0,0,0,0,0,0,0,0,0,0,0","7424,1544,6378,8123,8580,139898,123884,0,0,0,0,0,0,0,0,0,0,0,0,0,0,0,0,0"
grid10_M3_r-0.6_s42/K50.mvh,local_first,0,True,1559,41129,81390,6258,0.1705,1.8,3.9,4.0,37.9,25.7,4.1,0.0,5415501,907356,22802060,6705847,77230,14281,63084,18305,10122,0,0,0,0.72,50.0,25.5,348659,105056,179243,51057,13303,0,0,0,"4548,2274,7067,22588,72070,195935,44177,0,0,0,0,0,0,0,0,0,0,0,0,0,0,0,0,0","3917,744,2975,3580,3672,45378,31245,0,0,0,0,0,0,0,0,0,0,0,0,0,0,0,0,0"
grid10_M3_r-0.6_s42/K50.mvh,witness,0,True,1559,41129,81390,6258,0.1875,1.7,20.4,3.7,21.5,9.6,3.8,0.0,5603718,907356,8511537,23353173,281550,14281,169543,81274,45014,0,0,0,1.49,50.0,27.9,311668,103865,188229,7179,12395,0,0,0,"4221,2063,6679,20941,67828,176946,32990,0,0,0,0,0,0,0,0,0,0,0,0,0,0,0,0,0","7424,1544,6378,8123,8580,139898,123884,0,0,0,0,0,0,0,0,0,0,0,0,0,0,0,0,0"
grid10_M3_r-0.6_s42/K50.mvh,branchless,0,True,1559,41129,81390,6258,0.1902,1.8,19.2,3.5,27.2,19.3,3.6,0.0,5251415,907356,18798978,23353173,281550,14281,169543,81274,45014,0,0,0,1.49,50.0,27.9,311668,103865,156605,38803,12395,0,0,0,"4221,2063,6679,20941,67828,176946,32990,0,0,0,0,0,0,0,0,0,0,0,0,0,0,0,0,0","7424,1544,6378,8123,8580,139898,123884,0,0,0,0,0,0,0,0,0,0,0,0,0,0,0,0,0"
grid10_M3_r-0.6_s42/K50.mvh,gcl_prune,0,True,1559,41129,81390,6258,0.1837,1.5,18.8,3.6,19.8,9.4,10.9,0.0,5251415,907356,8782220,23353173,281550,14281,169543,81274,45014,0,0,0,1.49,50.0,27.9,311668,103865,156605,38803,12395,0,0,0,"4221,2063,6679,20941,67828,176946,32990,0,0,0,0,0,0,0,0,0,0,0,0,0,0,0,0,0","7424,1544,6378,8123,8580,139898,123884,0,0,0,0,0,0,0,0,0,0,0,0,0,0,0,0,0"
grid10_M3_r-0.6_s42/K50.mvh,tgtKD,0,True,1559,41129,81390,6258,0.2451,1.1,28.3,4.9,24.5,16.4,2.9,0.0,3199290,862816,18798978,4154232,281550,14281,169543,81274,45014,0,0,0,1.49,50.0,27.9,311668,103865,156605,38803,12395,1,21,0,"4221,2063,6679,20941,67828,176946,32990,0,0,0,0,0,0,0,0,0,0,0,0,0,0,0,0,0","7424,1544,6378,8123,8580,139898,123884,0,0,0,0,0,0,0,0,0,0,0,0,0,0,0,0,0"
grid10_M3_r-0.6_s42/K50.mvh,allKD,0,True,1559,41129,81390,6258,0.2657,1.1,26.7,4.7,26.3,15.4,5.8,0.0,430911,80485,18798978,4154232,281550,14281,169543,81274,45014,0,0,0,1.49,50.0,27.9,311668,103865,156605,38803,12395,100,541,0,"4221,2063,6679,20941,67828,176946,32990,0,0,0,0,0,0,0,0,0,0,0,0,0,0,0,0,0","7424,1544,6378,8123,8580,139898,123884,0,0,0,0,0,0,0,0,0,0,0,0,0,0,0,0,0"
grid10_M3_r-0.6_s42/K50.mvh,allKD_stale,0,True,1559,41129,81390,6258,0.2573,1.1,26.1,4.6,26.3,15.2,5.7,0.0,430911,80485,19332326,4154232,281550,14281,169543,81274,45014,0,0,0,1.49,50.0,27.9,311668,103865,153778,41630,12395,100,541,0,"4221,2063,6679,20941,67828,176946,32990,0,0,0,0,0,0,0,0,0,0,0,0,0,0,0,0,0","7424,1544,6378,8123,8580,139898,123884,0,0,0,0,0,0,0,0,0,0,0,0,0,0,0,0,0"
grid10_M3_r-0.6_s42/K50.mvh,ideal_lin,0,True,1559,41129,81390,6258,0.1924,1.6,17.4,1.8,30.6,19.9,3.7,0.1,5251415,907356,18798978,20094489,281550,14281,169543,81274,45014,36265,0,0,1.49,50.0,27.9,311668,103865,156605,38803,12395,0,0,98,"4221,2063,6679,20941,67828,176946,32990,0,0,0,0,0,0,0,0,0,0,0,0,0,0,0,0,0","7424,1544,6378,8123,8580,139898,123884,0,0,0,0,0,0,0,0,0,0,0,0,0,0,0,0,0"
grid10_M3_r-0.6_s42/K50.mvh,lexTD,0,True,1559,41129,81390,6258,0.2062,1.3,27.7,2.1,25.7,16.8,3.2,0.1,5251415,907356,18798978,36893793,281550,14281,169543,81274,45014,0,288407,834249,1.49,50.0,27.9,311668,103865,156605,38803,12395,0,0,98,"4221,2063,6679,20941,67828,176946,32990,0,0,0,0,0,0,0,0,0,0,0,0,0,0,0,0,0","7424,1544,6378,8123,8580,139898,123884,0,0,0,0,0,0,0,0,0,0,0,0,0,0,0,0,0"
grid10_M3_r-0.6_s42/K50.mvh,lexTD_fp,0,True,1559,41129,81390,6258,0.1890,1.4,21.7,2.0,27.9,18.2,3.4,0.1,5251415,907356,18798978,24958093,281550,14281,217129,33688,45014,0,126288,464584,1.16,50.0,27.9,311668,103865,156605,38803,12395,0,0,98,"4221,2063,6679,20941,67828,176946,32990,0,0,0,0,0,0,0,0,0,0,0,0,0,0,0,0,0","7424,1544,6378,8123,8580,139898,123884,0,0,0,0,0,0,0,0,0,0,0,0,0,0,0,0,0"
grid10_M3_r-0.6_s42/K50.mvh,lexBU,0,True,1559,41129,81390,6258,0.1749,1.5,17.3,2.3,29.4,19.3,3.6,0.1,5251415,907356,18798978,15500011,281550,14281,169543,81274,45014,0,288407,196441,1.49,50.0,27.9,311668,103865,156605,38803,12395,0,0,98,"4221,2063,6679,20941,67828,176946,32990,0,0,0,0,0,0,0,0,0,0,0,0,0,0,0,0,0","7424,1544,6378,8123,8580,139898,123884,0,0,0,0,0,0,0,0,0,0,0,0,0,0,0,0,0"
grid10_M3_r-0.6_s42/K50.mvh,lexBU_fp,0,True,1559,41129,81390,6258,0.1792,1.6,17.7,2.3,30.1,19.9,3.6,0.1,5251415,907356,18798978,15515835,281550,14281,217129,33688,45014,0,126288,195984,1.16,50.0,27.9,311668,103865,156605,38803,12395,0,0,98,"4221,2063,6679,20941,67828,176946,32990,0,0,0,0,0,0,0,0,0,0,0,0,0,0,0,0,0","7424,1544,6378,8123,8580,139898,123884,0,0,0,0,0,0,0,0,0,0,0,0,0,0,0,0,0"
grid10_M3_r-0.6_s42/K50.mvh,lexBU_fp_id,0,True,1559,41129,81390,6258,0.1989,1.6,17.0,1.7,29.9,19.9,3.5,0.1,5251415,907356,18798978,16330399,281550,14281,217129,33688,45014,36265,90023,88197,1.16,50.0,27.9,311668,103865,156605,38803,12395,0,0,98,"4221,2063,6679,20941,67828,176946,32990,0,0,0,0,0,0,0,0,0,0,0,0,0,0,0,0,0","7424,1544,6378,8123,8580,139898,123884,0,0,0,0,0,0,0,0,0,0,0,0,0,0,0,0,0"
grid10_M3_r-0.6_s42/K50.mvh,roi,0,True,1559,41129,81390,6258,0.2386,1.2,32.7,2.5,22.8,15.2,2.9,0.4,5251415,907356,18798978,47468209,281550,14281,169543,81274,45014,0,288407,1371399,1.49,50.0,27.9,311668,103865,156605,38803,12395,0,0,98,"4221,2063,6679,20941,67828,176946,32990,0,0,0,0,0,0,0,0,0,0,0,0,0,0,0,0,0","7424,1544,6378,8123,8580,139898,123884,0,0,0,0,0,0,0,0,0,0,0,0,0,0,0,0,0"
grid10_M3_r-0.6_s42/K50.mvh,roi_fp_id,0,True,1559,41129,81390,6258,0.2428,1.3,29.1,1.8,24.6,16.4,3.0,0.4,5251415,907356,18798978,39049565,281550,14281,217129,33688,45014,36265,90023,800085,1.16,50.0,27.9,311668,103865,156605,38803,12395,0,0,98,"4221,2063,6679,20941,67828,176946,32990,0,0,0,0,0,0,0,0,0,0,0,0,0,0,0,0,0","7424,1544,6378,8123,8580,139898,123884,0,0,0,0,0,0,0,0,0,0,0,0,0,0,0,0,0"
grid10_M3_r-0.6_s42/K50.mvh,lexTD_filt,0,True,1559,41129,81390,6258,0.2729,1.1,39.7,3.0,20.7,13.6,2.6,0.0,5251415,907356,18798978,26892691,281550,14281,169543,81274,45014,0,288407,834397,1.49,50.0,27.9,311668,103865,156605,38803,12395,0,0,98,"4221,2063,6679,20941,67828,176946,32990,0,0,0,0,0,0,0,0,0,0,0,0,0,0,0,0,0","7424,1544,6378,8123,8580,139898,123884,0,0,0,0,0,0,0,0,0,0,0,0,0,0,0,0,0"
grid10_M3_r-0.6_s42/K50.mvh,lexBU_fp_id_filt,0,True,1559,41129,81390,6258,0.1832,1.5,20.6,2.1,28.1,18.4,3.5,0.1,5251415,907356,18798978,16861486,281550,14281,217129,33688,45014,36265,90023,88197,1.16,50.0,27.9,311668,103865,156605,38803,12395,0,0,98,"4221,2063,6679,20941,67828,176946,32990,0,0,0,0,0,0,0,0,0,0,0,0,0,0,0,0,0","7424,1544,6378,8123,8580,139898,123884,0,0,0,0,0,0,0,0,0,0,0,0,0,0,0,0,0"
grid10_M3_r-0.6_s42/K50.mvh,lexBU_fp_id_filt_tKD,0,True,1559,41129,81390,6258,0.2094,1.3,22.2,2.3,27.6,18.4,3.5,0.1,3199290,862816,18798978,4548483,281550,14281,217129,33688,45014,36265,90023,88197,1.16,50.0,27.9,311668,103865,156605,38803,12395,1,21,98,"4221,2063,6679,20941,67828,176946,32990,0,0,0,0,0,0,0,0,0,0,0,0,0,0,0,0,0","7424,1544,6378,8123,8580,139898,123884,0,0,0,0,0,0,0,0,0,0,0,0,0,0,0,0,0"
grid10_M3_r-0.6_s42/K50.mvh,roi_tKD,0,True,1559,41129,81390,6258,0.2365,1.1,32.2,2.5,22.3,14.8,3.0,0.5,3199290,862816,18798978,2581415,281550,14281,169543,81274,45014,0,288407,1371399,1.49,50.0,27.9,311668,103865,156605,38803,12395,1,21,98,"4221,2063,6679,20941,67828,176946,32990,0,0,0,0,0,0,0,0,0,0,0,0,0,0,0,0,0","7424,1544,6378,8123,8580,139898,123884,0,0,0,0,0,0,0,0,0,0,0,0,0,0,0,0,0"
