instance,cfg,rep,identical,sols,exp,gen,reins,wall,p_global,p_ch_gen,p_ch_re,p_local,p_full,p_update,p_build,cmpchk,cmpupd,cmpfull,cmpch,ch_gen,ch_re,ch_first,ch_later,ch_none,ch_ideal,ch_tree,ch_nodes,avg_skip,avg_H,avg_T,loc,loc_notr,loc_tdisc,loc_bad,loc_good,kd_builds,kd_rebuilds,htrees,h_redund,h_total,ch_rskip,loc_hist,T_hist
grid10_M4_r-0.6_s42/A50.mvh,kd_X16,0,True,12667,187070,296772,8754,1.0737,2.1,4.2,4.3,27.4,1.0,13.3,0.0,8331406,1464439,3703477,10404128,297332,28440,279462,17309,29001,0,0,0,0.50,50.0,305.7,1512002,482399,1027393,207,2003,90,1513,89,0,0,0,"7620,1704,5492,8100,18264,47604,123368,261810,420361,493341,124338,0,0,0,0,0,0,0,0,0,0,0,0,0","19530,1119,3576,4147,6243,13488,18477,44307,43385,99569,71931,0,0,0,0,0,0,0,0,0,0,0,0,0"
grid10_M4_r-0.6_s42/A50.mvh,kd_X16,1,True,12667,187070,296772,8754,1.0290,2.0,4.3,4.3,27.2,1.0,13.3,0.0,8331406,1464439,3703477,10404128,297332,28440,279462,17309,29001,0,0,0,0.50,50.0,305.7,1512002,482399,1027393,207,2003,90,1513,89,0,0,0,"7620,1704,5492,8100,18264,47604,123368,261810,420361,493341,124338,0,0,0,0,0,0,0,0,0,0,0,0,0","19530,1119,3576,4147,6243,13488,18477,44307,43385,99569,71931,0,0,0,0,0,0,0,0,0,0,0,0,0"
grid10_M4_r-0.6_s42/A50.mvh,kd_X16,2,True,12667,187070,296772,8754,1.1137,2.0,4.2,4.2,27.1,1.0,13.2,0.0,8331406,1464439,3703477,10404128,297332,28440,279462,17309,29001,0,0,0,0.50,50.0,305.7,1512002,482399,1027393,207,2003,90,1513,89,0,0,0,"7620,1704,5492,8100,18264,47604,123368,261810,420361,493341,124338,0,0,0,0,0,0,0,0,0,0,0,0,0","19530,1119,3576,4147,6243,13488,18477,44307,43385,99569,71931,0,0,0,0,0,0,0,0,0,0,0,0,0"
grid10_M4_r-0.6_s42/A50.mvh,kd_X16,3,True,12667,187070,296772,8754,1.0867,2.0,4.3,4.2,27.0,0.9,13.3,0.0,8331406,1464439,3703477,10404128,297332,28440,279462,17309,29001,0,0,0,0.50,50.0,305.7,1512002,482399,1027393,207,2003,90,1513,89,0,0,0,"7620,1704,5492,8100,18264,47604,123368,261810,420361,493341,124338,0,0,0,0,0,0,0,0,0,0,0,0,0","19530,1119,3576,4147,6243,13488,18477,44307,43385,99569,71931,0,0,0,0,0,0,0,0,0,0,0,0,0"
grid10_M4_r-0.6_s42/A50.mvh,kd_X16,4,True,12667,187070,296772,8754,0.9446,2.1,4.3,4.5,27.4,1.0,13.5,0.0,8331406,1464439,3703477,10404128,297332,28440,279462,17309,29001,0,0,0,0.50,50.0,305.7,1512002,482399,1027393,207,2003,90,1513,89,0,0,0,"7620,1704,5492,8100,18264,47604,123368,261810,420361,493341,124338,0,0,0,0,0,0,0,0,0,0,0,0,0","19530,1119,3576,4147,6243,13488,18477,44307,43385,99569,71931,0,0,0,0,0,0,0,0,0,0,0,0,0"
grid12_M4_r0.0_s42/A50.mvh,kd_X16,0,True,13709,214670,334599,9543,1.3036,2.1,3.8,4.9,29.1,0.5,14.0,0.0,10433865,1848404,2348682,12831487,331275,30608,320893,13705,27285,0,0,0,0.43,50.0,470.9,1746649,544941,1200553,151,1004,131,1593,135,0,0,0,"1490,1415,3468,9093,23064,58697,117874,278130,369957,455022,428439,0,0,0,0,0,0,0,0,0,0,0,0,0","1373,522,625,1024,2136,1579,14549,19377,53303,77134,190261,0,0,0,0,0,0,0,0,0,0,0,0,0"
grid12_M4_r0.0_s42/A50.mvh,kd_X16,1,True,13709,214670,334599,9543,1.3860,2.1,3.8,4.7,29.0,0.5,14.0,0.0,10433865,1848404,2348682,12831487,331275,30608,320893,13705,27285,0,0,0,0.43,50.0,470.9,1746649,544941,1200553,151,1004,131,1593,135,0,0,0,"1490,1415,3468,9093,23064,58697,117874,278130,369957,455022,428439,0,0,0,0,0,0,0,0,0,0,0,0,0","1373,522,625,1024,2136,1579,14549,19377,53303,77134,190261,0,0,0,0,0,0,0,0,0,0,0,0,0"
grid12_M4_r0.0_s42/A50.mvh,kd_X16,2,True,13709,214670,334599,9543,1.3308,2.1,3.9,4.8,28.7,0.5,13.9,0.0,10433865,1848404,2348682,12831487,331275,30608,320893,13705,27285,0,0,0,0.43,50.0,470.9,1746649,544941,1200553,151,1004,131,1593,135,0,0,0,"1490,1415,3468,9093,23064,58697,117874,278130,369957,455022,428439,0,0,0,0,0,0,0,0,0,0,0,0,0","1373,522,625,1024,2136,1579,14549,19377,53303,77134,190261,0,0,0,0,0,0,0,0,0,0,0,0,0"
grid12_M4_r0.0_s42/A50.mvh,kd_X16,3,True,13709,214670,334599,9543,1.2637,2.1,4.0,4.8,28.5,0.5,14.1,0.0,10433865,1848404,2348682,12831487,331275,30608,320893,13705,27285,0,0,0,0.43,50.0,470.9,1746649,544941,1200553,151,1004,131,1593,135,0,0,0,"1490,1415,3468,9093,23064,58697,117874,278130,369957,455022,428439,0,0,0,0,0,0,0,0,0,0,0,0,0","1373,522,625,1024,2136,1579,14549,19377,53303,77134,190261,0,0,0,0,0,0,0,0,0,0,0,0,0"
grid12_M4_r0.0_s42/A50.mvh,kd_X16,4,True,13709,214670,334599,9543,1.3149,2.3,3.9,5.1,28.9,0.5,14.2,0.0,10433865,1848404,2348682,12831487,331275,30608,320893,13705,27285,0,0,0,0.43,50.0,470.9,1746649,544941,1200553,151,1004,131,1593,135,0,0,0,"1490,1415,3468,9093,23064,58697,117874,278130,369957,455022,428439,0,0,0,0,0,0,0,0,0,0,0,0,0","1373,522,625,1024,2136,1579,14549,19377,53303,77134,190261,0,0,0,0,0,0,0,0,0,0,0,0,0"
grid10_M5_r-0.3_s42/A50.mvh,kd_X16,0,True,48950,448472,717484,19982,4.2323,2.9,4.4,7.0,28.8,0.6,16.0,0.0,33073631,7265696,10348094,50891586,708471,76804,696104,21379,67792,0,0,0,0.19,50.0,1687.7,3416594,1155648,2259569,82,1295,88,2131,93,0,0,0,"6772,2004,2107,6828,18385,38231,86578,210552,415211,727715,826959,908332,166920,0,0,0,0,0,0,0,0,0,0,0","15544,2333,35,5082,8871,2082,4004,8905,9616,88303,132895,179514,328091,0,0,0,0,0,0,0,0,0,0,0"
grid10_M5_r-0.3_s42/A50.mvh,kd_X16,1,True,48950,448472,717484,19982,4.3500,3.0,4.5,6.9,28.9,0.7,16.0,0.0,33073631,7265696,10348094,50891586,708471,76804,696104,21379,67792,0,0,0,0.19,50.0,1687.7,3416594,1155648,2259569,82,1295,88,2131,93,0,0,0,"6772,2004,2107,6828,18385,38231,86578,210552,415211,727715,826959,908332,166920,0,0,0,0,0,0,0,0,0,0,0","15544,2333,35,5082,8871,2082,4004,8905,9616,88303,132895,179514,328091,0,0,0,0,0,0,0,0,0,0,0"
grid10_M5_r-0.3_s42/A50.mvh,kd_X16,2,True,48950,448472,717484,19982,4.0834,2.9,4.5,6.9,28.9,0.7,16.0,0.0,33073631,7265696,10348094,50891586,708471,76804,696104,21379,67792,0,0,0,0.19,50.0,1687.7,3416594,1155648,2259569,82,1295,88,2131,93,0,0,0,"6772,2004,2107,6828,18385,38231,86578,210552,415211,727715,826959,908332,166920,0,0,0,0,0,0,0,0,0,0,0","15544,2333,35,5082,8871,2082,4004,8905,9616,88303,132895,179514,328091,0,0,0,0,0,0,0,0,0,0,0"
grid10_M5_r-0.3_s42/A50.mvh,kd_X16,3,True,48950,448472,717484,19982,5.2966,2.9,4.4,6.7,28.9,0.6,16.0,0.0,33073631,7265696,10348094,50891586,708471,76804,696104,21379,67792,0,0,0,0.19,50.0,1687.7,3416594,1155648,2259569,82,1295,88,2131,93,0,0,0,"6772,2004,2107,6828,18385,38231,86578,210552,415211,727715,826959,908332,166920,0,0,0,0,0,0,0,0,0,0,0","15544,2333,35,5082,8871,2082,4004,8905,9616,88303,132895,179514,328091,0,0,0,0,0,0,0,0,0,0,0"
grid10_M5_r-0.3_s42/A50.mvh,kd_X16,4,True,48950,448472,717484,19982,3.8913,2.9,4.5,6.8,28.9,0.7,16.0,0.0,33073631,7265696,10348094,50891586,708471,76804,696104,21379,67792,0,0,0,0.19,50.0,1687.7,3416594,1155648,2259569,82,1295,88,2131,93,0,0,0,"6772,2004,2107,6828,18385,38231,86578,210552,415211,727715,826959,908332,166920,0,0,0,0,0,0,0,0,0,0,0","15544,2333,35,5082,8871,2082,4004,8905,9616,88303,132895,179514,328091,0,0,0,0,0,0,0,0,0,0,0"
grid_10x10_d4_tradeoff_cyc1/g10d4c1_apex.mvh,kd_X16,0,True,11330,47305,83990,17560,0.7103,1.6,38.7,25.8,12.9,4.9,5.9,0.3,2219558,427798,14959755,42615379,84512,36685,25521,58468,37208,0,0,0,37.59,196.2,614.5,299617,122235,166303,1497,9582,52,329,93,0,0,0,"7380,2069,3934,5937,8126,15638,26598,56176,61025,63151,41827,7756,0,0,0,0,0,0,0,0,0,0,0,0","98,95,341,446,889,920,2772,6548,12653,23603,52859,19973,0,0,0,0,0,0,0,0,0,0,0,0"
grid_10x10_d4_tradeoff_cyc1/g10d4c1_apex.mvh,kd_X16,1,True,11330,47305,83990,17560,0.7188,1.6,38.8,26.0,12.9,4.9,5.9,0.4,2219558,427798,14959755,42615379,84512,36685,25521,58468,37208,0,0,0,37.59,196.2,614.5,299617,122235,166303,1497,9582,52,329,93,0,0,0,"7380,2069,3934,5937,8126,15638,26598,56176,61025,63151,41827,7756,0,0,0,0,0,0,0,0,0,0,0,0","98,95,341,446,889,920,2772,6548,12653,23603,52859,19973,0,0,0,0,0,0,0,0,0,0,0,0"
grid_10x10_d4_tradeoff_cyc1/g10d4c1_apex.mvh,kd_X16,2,True,11330,47305,83990,17560,0.7330,1.6,38.1,25.8,12.9,4.8,5.9,0.3,2219558,427798,14959755,42615379,84512,36685,25521,58468,37208,0,0,0,37.59,196.2,614.5,299617,122235,166303,1497,9582,52,329,93,0,0,0,"7380,2069,3934,5937,8126,15638,26598,56176,61025,63151,41827,7756,0,0,0,0,0,0,0,0,0,0,0,0","98,95,341,446,889,920,2772,6548,12653,23603,52859,19973,0,0,0,0,0,0,0,0,0,0,0,0"
grid_10x10_d4_tradeoff_cyc1/g10d4c1_apex.mvh,kd_X16,3,True,11330,47305,83990,17560,0.7098,1.6,38.8,25.9,12.9,4.9,5.9,0.3,2219558,427798,14959755,42615379,84512,36685,25521,58468,37208,0,0,0,37.59,196.2,614.5,299617,122235,166303,1497,9582,52,329,93,0,0,0,"7380,2069,3934,5937,8126,15638,26598,56176,61025,63151,41827,7756,0,0,0,0,0,0,0,0,0,0,0,0","98,95,341,446,889,920,2772,6548,12653,23603,52859,19973,0,0,0,0,0,0,0,0,0,0,0,0"
grid_10x10_d4_tradeoff_cyc1/g10d4c1_apex.mvh,kd_X16,4,True,11330,47305,83990,17560,0.7321,1.6,38.6,25.5,13.1,5.0,6.0,0.3,2219558,427798,14959755,42615379,84512,36685,25521,58468,37208,0,0,0,37.59,196.2,614.5,299617,122235,166303,1497,9582,52,329,93,0,0,0,"7380,2069,3934,5937,8126,15638,26598,56176,61025,63151,41827,7756,0,0,0,0,0,0,0,0,0,0,0,0","98,95,341,446,889,920,2772,6548,12653,23603,52859,19973,0,0,0,0,0,0,0,0,0,0,0,0"
