instance,cfg,rep,identical,sols,exp,gen,reins,wall,p_global,p_ch_gen,p_ch_re,p_local,p_full,p_update,p_build,cmpchk,cmpupd,cmpfull,cmpch,ch_gen,ch_re,ch_first,ch_later,ch_none,ch_ideal,ch_tree,ch_nodes,avg_skip,avg_H,avg_T,loc,loc_notr,loc_tdisc,loc_bad,loc_good,kd_builds,kd_rebuilds,htrees,domT,h_redund,h_total,ch_rskip,loc_hist,T_hist
grid_10x10_d4_tradeoff_cyc1/g10d4c1_apex.mvh,maya_lin,0,True,11330,47305,83990,17560,1.4267,0.8,71.6,12.5,3.9,1.9,2.7,0.2,1488914,427798,10493229,117950552,252312,36685,25569,69256,194172,0,0,0,53.50,175.4,684.4,124570,105776,9344,1492,7958,52,329,94,31043684,0,0,0,"4006,1141,2112,3304,3952,6506,11042,18740,21011,22518,24955,5283,0,0,0,0,0,0,0,0,0,0,0,0","132,132,508,611,1320,1350,4463,11726,24488,48891,131384,63992,0,0,0,0,0,0,0,0,0,0,0,0"
grid_10x10_d4_tradeoff_cyc1/g10d4c1_apex.mvh,maya_lin_flatT,0,True,11330,47305,83990,17560,1.2833,4.0,61.7,16.1,5.0,1.9,4.2,0.3,58284715,8540564,10493229,551241691,252312,36685,25569,69256,194172,0,0,0,53.50,175.4,684.4,124570,105776,9344,1492,7958,51,275,94,31043684,0,0,0,"4006,1141,2112,3304,3952,6506,11042,18740,21011,22518,24955,5283,0,0,0,0,0,0,0,0,0,0,0,0","132,132,508,611,1320,1350,4463,11726,24488,48891,131384,63992,0,0,0,0,0,0,0,0,0,0,0,0"
grid_10x10_d4_tradeoff_cyc1/g10d4c1_apex.mvh,maya_roi_h0,0,True,11330,47305,83990,17560,0.7542,1.3,45.5,29.2,6.1,3.0,4.5,6.6,1488914,427798,10493229,33216130,252312,36685,25569,69256,194172,0,265990,2997318,53.50,175.4,684.4,124570,105776,9344,1492,7958,52,329,94,5654732,0,0,0,"4006,1141,2112,3304,3952,6506,11042,18740,21011,22518,24955,5283,0,0,0,0,0,0,0,0,0,0,0,0","132,132,508,611,1320,1350,4463,11726,24488,48891,131384,63992,0,0,0,0,0,0,0,0,0,0,0,0"
grid_10x10_d4_tradeoff_cyc1/g10d4c1_apex.mvh,maya_roi_h16,0,True,11330,47305,83990,17560,0.8587,1.4,45.6,28.4,6.3,3.1,4.7,5.7,1488914,427798,10493229,34568520,252312,36685,25569,69256,194172,0,139338,2843688,53.50,175.4,684.4,124570,105776,9344,1492,7958,52,329,94,6136758,0,0,0,"4006,1141,2112,3304,3952,6506,11042,18740,21011,22518,24955,5283,0,0,0,0,0,0,0,0,0,0,0,0","132,132,508,611,1320,1350,4463,11726,24488,48891,131384,63992,0,0,0,0,0,0,0,0,0,0,0,0"
grid_10x10_d4_tradeoff_cyc1/g10d4c1_apex.mvh,maya_roi_h64,0,True,11330,47305,83990,17560,0.8969,1.3,48.4,27.2,6.0,2.9,4.4,6.3,1488914,427798,10493229,37781552,252312,36685,25569,69256,194172,0,87654,2660854,53.50,175.4,684.4,124570,105776,9344,1492,7958,52,329,94,7067141,0,0,0,"4006,1141,2112,3304,3952,6506,11042,18740,21011,22518,24955,5283,0,0,0,0,0,0,0,0,0,0,0,0","132,132,508,611,1320,1350,4463,11726,24488,48891,131384,63992,0,0,0,0,0,0,0,0,0,0,0,0"
grid_10x10_d4_tradeoff_cyc1/g10d4c1_apex.mvh,maya_roi_h256,0,True,11330,47305,83990,17560,1.0660,1.2,54.6,23.0,5.4,2.7,4.0,5.3,1488914,427798,10493229,51203835,252312,36685,25569,69256,194172,0,34053,2097309,53.50,175.4,684.4,124570,105776,9344,1492,7958,52,329,94,11145028,0,0,0,"4006,1141,2112,3304,3952,6506,11042,18740,21011,22518,24955,5283,0,0,0,0,0,0,0,0,0,0,0,0","132,132,508,611,1320,1350,4463,11726,24488,48891,131384,63992,0,0,0,0,0,0,0,0,0,0,0,0"
grid_10x10_d4_tradeoff_cyc1/g10d4c1_apex.mvh,maya_roi_h1024,0,True,11330,47305,83990,17560,1.1685,1.0,64.0,17.1,4.6,2.2,3.4,4.6,1488914,427798,10493229,72076988,252312,36685,25569,69256,194172,0,12520,1211886,53.50,175.4,684.4,124570,105776,9344,1492,7958,52,329,94,17741094,0,0,0,"4006,1141,2112,3304,3952,6506,11042,18740,21011,22518,24955,5283,0,0,0,0,0,0,0,0,0,0,0,0","132,132,508,611,1320,1350,4463,11726,24488,48891,131384,63992,0,0,0,0,0,0,0,0,0,0,0,0"
grid_10x10_d4_tradeoff_cyc1/g10d4c1_apex.mvh,maya_roi_B4,0,True,11330,47305,83990,17560,0.9870,1.3,45.6,30.0,6.0,2.9,4.4,6.4,1488914,427798,10493229,35283012,252312,36685,25569,69256,194172,0,265990,3712262,53.50,175.4,684.4,124570,105776,9344,1492,7958,52,329,94,5923405,0,0,0,"4006,1141,2112,3304,3952,6506,11042,18740,21011,22518,24955,5283,0,0,0,0,0,0,0,0,0,0,0,0","132,132,508,611,1320,1350,4463,11726,24488,48891,131384,63992,0,0,0,0,0,0,0,0,0,0,0,0"
grid_10x10_d4_tradeoff_cyc1/g10d4c1_apex.mvh,maya_roi_B16,0,True,11330,47305,83990,17560,0.8681,1.4,46.0,27.7,6.5,3.2,4.8,6.2,1488914,427798,10493229,33090236,252312,36685,25569,69256,194172,0,265990,2284254,53.50,175.4,684.4,124570,105776,9344,1492,7958,52,329,94,5679389,0,0,0,"4006,1141,2112,3304,3952,6506,11042,18740,21011,22518,24955,5283,0,0,0,0,0,0,0,0,0,0,0,0","132,132,508,611,1320,1350,4463,11726,24488,48891,131384,63992,0,0,0,0,0,0,0,0,0,0,0,0"
grid_10x10_d4_tradeoff_cyc1/g10d4c1_apex.mvh,maya_roi_B32,0,True,11330,47305,83990,17560,0.8319,1.4,46.8,26.7,6.6,3.2,4.9,5.2,1488914,427798,10493229,36409465,252312,36685,25569,69256,194172,0,265990,1646014,53.50,175.4,684.4,124570,105776,9344,1492,7958,52,329,94,6277898,0,0,0,"4006,1141,2112,3304,3952,6506,11042,18740,21011,22518,24955,5283,0,0,0,0,0,0,0,0,0,0,0,0","132,132,508,611,1320,1350,4463,11726,24488,48891,131384,63992,0,0,0,0,0,0,0,0,0,0,0,0"
grid_10x10_d4_tradeoff_cyc1/g10d4c1_apex.mvh,maya_roi_id_h64,0,True,11330,47305,83990,17560,0.8468,1.4,45.7,28.5,6.3,3.1,4.7,6.7,1488914,427798,10493229,33252237,252312,36685,25569,69256,194172,144445,63138,2636158,53.50,175.4,684.4,124570,105776,9344,1492,7958,52,329,94,5697930,0,0,0,"4006,1141,2112,3304,3952,6506,11042,18740,21011,22518,24955,5283,0,0,0,0,0,0,0,0,0,0,0,0","132,132,508,611,1320,1350,4463,11726,24488,48891,131384,63992,0,0,0,0,0,0,0,0,0,0,0,0"
grid_10x10_d4_tradeoff_cyc1/g10d4c1_apex.mvh,maya_lexBU_h64,0,True,11330,47305,83990,17560,1.9364,0.9,64.3,17.6,4.3,2.1,3.2,0.4,1488914,427798,10493229,78049906,252312,36685,26836,67989,194172,144446,62100,4072480,53.18,175.4,684.4,124570,105776,9344,1492,7958,52,329,94,16972518,0,0,0,"4006,1141,2112,3304,3952,6506,11042,18740,21011,22518,24955,5283,0,0,0,0,0,0,0,0,0,0,0,0","132,132,508,611,1320,1350,4463,11726,24488,48891,131384,63992,0,0,0,0,0,0,0,0,0,0,0,0"
grid_10x10_d4_tradeoff_cyc1/g10d4c1_apex.mvh,lf_lin,0,True,11330,47305,83990,17560,0.9242,1.6,38.7,26.0,12.5,4.8,5.2,0.4,2219558,427798,14959755,42615379,84512,36685,25521,58468,37208,0,0,0,37.59,196.2,614.5,299617,122235,166303,1497,9582,52,329,93,8440670,0,0,0,"7380,2069,3934,5937,8126,15638,26598,56176,61025,63151,41827,7756,0,0,0,0,0,0,0,0,0,0,0,0","98,95,341,446,889,920,2772,6548,12653,23603,52859,19973,0,0,0,0,0,0,0,0,0,0,0,0"
grid_10x10_d4_tradeoff_cyc1/g10d4c1_apex.mvh,lf_lin_flatT,0,True,11330,47305,83990,17560,1.1053,6.0,34.1,25.5,14.7,3.9,6.3,0.3,60697500,8540564,14959755,306370544,84512,36685,25521,58468,37208,0,0,0,37.59,196.2,614.5,299617,122235,166303,1497,9582,51,275,93,8440670,0,0,0,"7380,2069,3934,5937,8126,15638,26598,56176,61025,63151,41827,7756,0,0,0,0,0,0,0,0,0,0,0,0","98,95,341,446,889,920,2772,6548,12653,23603,52859,19973,0,0,0,0,0,0,0,0,0,0,0,0"
grid_10x10_d4_tradeoff_cyc1/g10d4c1_apex.mvh,lf_roi_h0,0,True,11330,47305,83990,17560,0.7310,1.6,33.5,33.5,12.1,4.8,5.1,7.9,2219558,427798,14959755,25451466,84512,36685,25521,58468,37208,0,107537,2113961,37.59,196.2,614.5,299617,122235,166303,1497,9582,52,329,93,4136960,0,0,0,"7380,2069,3934,5937,8126,15638,26598,56176,61025,63151,41827,7756,0,0,0,0,0,0,0,0,0,0,0,0","98,95,341,446,889,920,2772,6548,12653,23603,52859,19973,0,0,0,0,0,0,0,0,0,0,0,0"
grid_10x10_d4_tradeoff_cyc1/g10d4c1_apex.mvh,lf_roi_h16,0,True,11330,47305,83990,17560,0.7694,1.6,32.4,33.6,12.2,4.9,5.2,7.2,2219558,427798,14959755,25037870,84512,36685,25521,58468,37208,0,57607,2042177,37.59,196.2,614.5,299617,122235,166303,1497,9582,52,329,93,4072564,0,0,0,"7380,2069,3934,5937,8126,15638,26598,56176,61025,63151,41827,7756,0,0,0,0,0,0,0,0,0,0,0,0","98,95,341,446,889,920,2772,6548,12653,23603,52859,19973,0,0,0,0,0,0,0,0,0,0,0,0"
grid_10x10_d4_tradeoff_cyc1/g10d4c1_apex.mvh,lf_roi_h64,0,True,11330,47305,83990,17560,0.6917,1.6,32.3,33.3,12.7,5.0,5.3,7.1,2219558,427798,14959755,25129150,84512,36685,25521,58468,37208,0,35583,1909515,37.59,196.2,614.5,299617,122235,166303,1497,9582,52,329,93,4106431,0,0,0,"7380,2069,3934,5937,8126,15638,26598,56176,61025,63151,41827,7756,0,0,0,0,0,0,0,0,0,0,0,0","98,95,341,446,889,920,2772,6548,12653,23603,52859,19973,0,0,0,0,0,0,0,0,0,0,0,0"
grid_10x10_d4_tradeoff_cyc1/g10d4c1_apex.mvh,lf_roi_h256,0,True,11330,47305,83990,17560,0.6614,1.6,32.9,32.9,12.4,5.0,5.3,7.9,2219558,427798,14959755,25651624,84512,36685,25521,58468,37208,0,16376,1518840,37.59,196.2,614.5,299617,122235,166303,1497,9582,52,329,93,4288314,0,0,0,"7380,2069,3934,5937,8126,15638,26598,56176,61025,63151,41827,7756,0,0,0,0,0,0,0,0,0,0,0,0","98,95,341,446,889,920,2772,6548,12653,23603,52859,19973,0,0,0,0,0,0,0,0,0,0,0,0"
grid_10x10_d4_tradeoff_cyc1/g10d4c1_apex.mvh,lf_roi_h1024,0,True,11330,47305,83990,17560,0.6102,1.7,36.2,29.5,12.5,5.0,5.3,7.3,2219558,427798,14959755,28697836,84512,36685,25521,58468,37208,0,5970,871304,37.59,196.2,614.5,299617,122235,166303,1497,9582,52,329,93,5129149,0,0,0,"7380,2069,3934,5937,8126,15638,26598,56176,61025,63151,41827,7756,0,0,0,0,0,0,0,0,0,0,0,0","98,95,341,446,889,920,2772,6548,12653,23603,52859,19973,0,0,0,0,0,0,0,0,0,0,0,0"
grid_10x10_d4_tradeoff_cyc1/g10d4c1_apex.mvh,lf_roi_B4,0,True,11330,47305,83990,17560,0.8031,1.4,33.8,34.7,11.2,4.4,4.8,7.4,2219558,427798,14959755,27363636,84512,36685,25521,58468,37208,0,107537,2694505,37.59,196.2,614.5,299617,122235,166303,1497,9582,52,329,93,4379731,0,0,0,"7380,2069,3934,5937,8126,15638,26598,56176,61025,63151,41827,7756,0,0,0,0,0,0,0,0,0,0,0,0","98,95,341,446,889,920,2772,6548,12653,23603,52859,19973,0,0,0,0,0,0,0,0,0,0,0,0"
grid_10x10_d4_tradeoff_cyc1/g10d4c1_apex.mvh,lf_roi_B16,0,True,11330,47305,83990,17560,0.6575,1.7,32.5,32.9,12.6,5.0,5.4,6.7,2219558,427798,14959755,24925533,84512,36685,25521,58468,37208,0,107537,1543705,37.59,196.2,614.5,299617,122235,166303,1497,9582,52,329,93,4090335,0,0,0,"7380,2069,3934,5937,8126,15638,26598,56176,61025,63151,41827,7756,0,0,0,0,0,0,0,0,0,0,0,0","98,95,341,446,889,920,2772,6548,12653,23603,52859,19973,0,0,0,0,0,0,0,0,0,0,0,0"
grid_10x10_d4_tradeoff_cyc1/g10d4c1_apex.mvh,lf_roi_B32,0,True,11330,47305,83990,17560,0.6448,1.7,32.5,31.9,13.0,5.2,5.5,5.7,2219558,427798,14959755,26743500,84512,36685,25521,58468,37208,0,107537,1042815,37.59,196.2,614.5,299617,122235,166303,1497,9582,52,329,93,4390531,0,0,0,"7380,2069,3934,5937,8126,15638,26598,56176,61025,63151,41827,7756,0,0,0,0,0,0,0,0,0,0,0,0","98,95,341,446,889,920,2772,6548,12653,23603,52859,19973,0,0,0,0,0,0,0,0,0,0,0,0"
grid_10x10_d4_tradeoff_cyc1/g10d4c1_apex.mvh,lf_roi_id_h64,0,True,11330,47305,83990,17560,0.7994,1.6,31.7,33.3,12.8,5.1,5.3,6.6,2219558,427798,14959755,25016898,84512,36685,25521,58468,37208,17127,33284,1907036,37.59,196.2,614.5,299617,122235,166303,1497,9582,52,329,93,4070862,0,0,0,"7380,2069,3934,5937,8126,15638,26598,56176,61025,63151,41827,7756,0,0,0,0,0,0,0,0,0,0,0,0","98,95,341,446,889,920,2772,6548,12653,23603,52859,19973,0,0,0,0,0,0,0,0,0,0,0,0"
grid_10x10_d4_tradeoff_cyc1/g10d4c1_apex.mvh,lf_lexBU_h64,0,True,11330,47305,83990,17560,0.8475,1.5,39.4,28.7,11.7,4.6,4.9,0.6,2219558,427798,14959755,38350651,84512,36685,26761,57228,37208,17128,32260,1509389,37.31,196.2,614.5,299617,122235,166303,1497,9582,52,329,93,7645147,0,0,0,"7380,2069,3934,5937,8126,15638,26598,56176,61025,63151,41827,7756,0,0,0,0,0,0,0,0,0,0,0,0","98,95,341,446,889,920,2772,6548,12653,23603,52859,19973,0,0,0,0,0,0,0,0,0,0,0,0"
grid_10x10_d4_tradeoff_cyc1/g10d4c1_apex.mvh,maya_lin,1,True,11330,47305,83990,17560,1.5322,0.8,72.4,12.7,3.6,1.7,2.7,0.2,1488914,427798,10493229,117950552,252312,36685,25569,69256,194172,0,0,0,53.50,175.4,684.4,124570,105776,9344,1492,7958,52,329,94,31043684,0,0,0,"4006,1141,2112,3304,3952,6506,11042,18740,21011,22518,24955,5283,0,0,0,0,0,0,0,0,0,0,0,0","132,132,508,611,1320,1350,4463,11726,24488,48891,131384,63992,0,0,0,0,0,0,0,0,0,0,0,0"
grid_10x10_d4_tradeoff_cyc1/g10d4c1_apex.mvh,maya_lin_flatT,1,True,11330,47305,83990,17560,1.2824,4.1,61.5,16.7,5.0,1.9,4.2,0.2,58284715,8540564,10493229,551241691,252312,36685,25569,69256,194172,0,0,0,53.50,175.4,684.4,124570,105776,9344,1492,7958,51,275,94,31043684,0,0,0,"4006,1141,2112,3304,3952,6506,11042,18740,21011,22518,24955,5283,0,0,0,0,0,0,0,0,0,0,0,0","132,132,508,611,1320,1350,4463,11726,24488,48891,131384,63992,0,0,0,0,0,0,0,0,0,0,0,0"
grid_10x10_d4_tradeoff_cyc1/g10d4c1_apex.mvh,maya_roi_h0,1,True,11330,47305,83990,17560,0.7934,1.4,45.3,29.4,6.2,3.0,4.5,6.4,1488914,427798,10493229,33216130,252312,36685,25569,69256,194172,0,265990,2997318,53.50,175.4,684.4,124570,105776,9344,1492,7958,52,329,94,5654732,0,0,0,"4006,1141,2112,3304,3952,6506,11042,18740,21011,22518,24955,5283,0,0,0,0,0,0,0,0,0,0,0,0","132,132,508,611,1320,1350,4463,11726,24488,48891,131384,63992,0,0,0,0,0,0,0,0,0,0,0,0"
grid_10x10_d4_tradeoff_cyc1/g10d4c1_apex.mvh,maya_roi_h16,1,True,11330,47305,83990,17560,0.7962,1.4,47.6,27.8,6.1,3.0,4.5,7.6,1488914,427798,10493229,34568520,252312,36685,25569,69256,194172,0,139338,2843688,53.50,175.4,684.4,124570,105776,9344,1492,7958,52,329,94,6136758,0,0,0,"4006,1141,2112,3304,3952,6506,11042,18740,21011,22518,24955,5283,0,0,0,0,0,0,0,0,0,0,0,0","132,132,508,611,1320,1350,4463,11726,24488,48891,131384,63992,0,0,0,0,0,0,0,0,0,0,0,0"
grid_10x10_d4_tradeoff_cyc1/g10d4c1_apex.mvh,maya_roi_h64,1,True,11330,47305,83990,17560,0.8449,1.4,48.5,27.2,6.0,2.9,4.4,6.4,1488914,427798,10493229,37781552,252312,36685,25569,69256,194172,0,87654,2660854,53.50,175.4,684.4,124570,105776,9344,1492,7958,52,329,94,7067141,0,0,0,"4006,1141,2112,3304,3952,6506,11042,18740,21011,22518,24955,5283,0,0,0,0,0,0,0,0,0,0,0,0","132,132,508,611,1320,1350,4463,11726,24488,48891,131384,63992,0,0,0,0,0,0,0,0,0,0,0,0"
grid_10x10_d4_tradeoff_cyc1/g10d4c1_apex.mvh,maya_roi_h256,1,True,11330,47305,83990,17560,1.0587,1.2,55.2,22.6,5.5,2.7,4.1,5.4,1488914,427798,10493229,51203835,252312,36685,25569,69256,194172,0,34053,2097309,53.50,175.4,684.4,124570,105776,9344,1492,7958,52,329,94,11145028,0,0,0,"4006,1141,2112,3304,3952,6506,11042,18740,21011,22518,24955,5283,0,0,0,0,0,0,0,0,0,0,0,0","132,132,508,611,1320,1350,4463,11726,24488,48891,131384,63992,0,0,0,0,0,0,0,0,0,0,0,0"
grid_10x10_d4_tradeoff_cyc1/g10d4c1_apex.mvh,maya_roi_h1024,1,True,11330,47305,83990,17560,1.3553,1.0,63.9,17.3,4.6,2.2,3.4,4.9,1488914,427798,10493229,72076988,252312,36685,25569,69256,194172,0,12520,1211886,53.50,175.4,684.4,124570,105776,9344,1492,7958,52,329,94,17741094,0,0,0,"4006,1141,2112,3304,3952,6506,11042,18740,21011,22518,24955,5283,0,0,0,0,0,0,0,0,0,0,0,0","132,132,508,611,1320,1350,4463,11726,24488,48891,131384,63992,0,0,0,0,0,0,0,0,0,0,0,0"
grid_10x10_d4_tradeoff_cyc1/g10d4c1_apex.mvh,maya_roi_B4,1,True,11330,47305,83990,17560,0.9423,1.3,47.4,29.3,5.7,2.7,4.2,8.2,1488914,427798,10493229,35283012,252312,36685,25569,69256,194172,0,265990,3712262,53.50,175.4,684.4,124570,105776,9344,1492,7958,52,329,94,5923405,0,0,0,"4006,1141,2112,3304,3952,6506,11042,18740,21011,22518,24955,5283,0,0,0,0,0,0,0,0,0,0,0,0","132,132,508,611,1320,1350,4463,11726,24488,48891,131384,63992,0,0,0,0,0,0,0,0,0,0,0,0"
grid_10x10_d4_tradeoff_cyc1/g10d4c1_apex.mvh,maya_roi_B16,1,True,11330,47305,83990,17560,0.8439,1.4,45.4,27.6,6.7,3.2,4.9,5.6,1488914,427798,10493229,33090236,252312,36685,25569,69256,194172,0,265990,2284254,53.50,175.4,684.4,124570,105776,9344,1492,7958,52,329,94,5679389,0,0,0,"4006,1141,2112,3304,3952,6506,11042,18740,21011,22518,24955,5283,0,0,0,0,0,0,0,0,0,0,0,0","132,132,508,611,1320,1350,4463,11726,24488,48891,131384,63992,0,0,0,0,0,0,0,0,0,0,0,0"
grid_10x10_d4_tradeoff_cyc1/g10d4c1_apex.mvh,maya_roi_B32,1,True,11330,47305,83990,17560,0.7683,1.5,47.0,26.6,6.6,3.2,4.8,5.3,1488914,427798,10493229,36409465,252312,36685,25569,69256,194172,0,265990,1646014,53.50,175.4,684.4,124570,105776,9344,1492,7958,52,329,94,6277898,0,0,0,"4006,1141,2112,3304,3952,6506,11042,18740,21011,22518,24955,5283,0,0,0,0,0,0,0,0,0,0,0,0","132,132,508,611,1320,1350,4463,11726,24488,48891,131384,63992,0,0,0,0,0,0,0,0,0,0,0,0"
grid_10x10_d4_tradeoff_cyc1/g10d4c1_apex.mvh,maya_roi_id_h64,1,True,11330,47305,83990,17560,0.8660,1.4,45.6,27.9,6.7,3.3,4.8,6.4,1488914,427798,10493229,33252237,252312,36685,25569,69256,194172,144445,63138,2636158,53.50,175.4,684.4,124570,105776,9344,1492,7958,52,329,94,5697930,0,0,0,"4006,1141,2112,3304,3952,6506,11042,18740,21011,22518,24955,5283,0,0,0,0,0,0,0,0,0,0,0,0","132,132,508,611,1320,1350,4463,11726,24488,48891,131384,63992,0,0,0,0,0,0,0,0,0,0,0,0"
grid_10x10_d4_tradeoff_cyc1/g10d4c1_apex.mvh,maya_lexBU_h64,1,True,11330,47305,83990,17560,1.7877,0.9,65.1,17.4,4.2,2.0,3.1,0.5,1488914,427798,10493229,78049906,252312,36685,26836,67989,194172,144446,62100,4072480,53.18,175.4,684.4,124570,105776,9344,1492,7958,52,329,94,16972518,0,0,0,"4006,1141,2112,3304,3952,6506,11042,18740,21011,22518,24955,5283,0,0,0,0,0,0,0,0,0,0,0,0","132,132,508,611,1320,1350,4463,11726,24488,48891,131384,63992,0,0,0,0,0,0,0,0,0,0,0,0"
grid_10x10_d4_tradeoff_cyc1/g10d4c1_apex.mvh,lf_lin,1,True,11330,47305,83990,17560,0.9576,1.6,38.4,26.2,12.5,4.8,5.3,0.3,2219558,427798,14959755,42615379,84512,36685,25521,58468,37208,0,0,0,37.59,196.2,614.5,299617,122235,166303,1497,9582,52,329,93,8440670,0,0,0,"7380,2069,3934,5937,8126,15638,26598,56176,61025,63151,41827,7756,0,0,0,0,0,0,0,0,0,0,0,0","98,95,341,446,889,920,2772,6548,12653,23603,52859,19973,0,0,0,0,0,0,0,0,0,0,0,0"
grid_10x10_d4_tradeoff_cyc1/g10d4c1_apex.mvh,lf_lin_flatT,1,True,11330,47305,83990,17560,1.3058,6.2,34.3,24.6,14.8,4.0,6.3,0.2,60697500,8540564,14959755,306370544,84512,36685,25521,58468,37208,0,0,0,37.59,196.2,614.5,299617,122235,166303,1497,9582,51,275,93,8440670,0,0,0,"7380,2069,3934,5937,8126,15638,26598,56176,61025,63151,41827,7756,0,0,0,0,0,0,0,0,0,0,0,0","98,95,341,446,889,920,2772,6548,12653,23603,52859,19973,0,0,0,0,0,0,0,0,0,0,0,0"
grid_10x10_d4_tradeoff_cyc1/g10d4c1_apex.mvh,lf_roi_h0,1,True,11330,47305,83990,17560,0.7340,1.6,33.1,33.9,11.7,4.6,5.0,7.7,2219558,427798,14959755,25451466,84512,36685,25521,58468,37208,0,107537,2113961,37.59,196.2,614.5,299617,122235,166303,1497,9582,52,329,93,4136960,0,0,0,"7380,2069,3934,5937,8126,15638,26598,56176,61025,63151,41827,7756,0,0,0,0,0,0,0,0,0,0,0,0","98,95,341,446,889,920,2772,6548,12653,23603,52859,19973,0,0,0,0,0,0,0,0,0,0,0,0"
grid_10x10_d4_tradeoff_cyc1/g10d4c1_apex.mvh,lf_roi_h16,1,True,11330,47305,83990,17560,0.7031,1.6,32.4,33.6,12.3,4.9,5.2,7.1,2219558,427798,14959755,25037870,84512,36685,25521,58468,37208,0,57607,2042177,37.59,196.2,614.5,299617,122235,166303,1497,9582,52,329,93,4072564,0,0,0,"7380,2069,3934,5937,8126,15638,26598,56176,61025,63151,41827,7756,0,0,0,0,0,0,0,0,0,0,0,0","98,95,341,446,889,920,2772,6548,12653,23603,52859,19973,0,0,0,0,0,0,0,0,0,0,0,0"
grid_10x10_d4_tradeoff_cyc1/g10d4c1_apex.mvh,lf_roi_h64,1,True,11330,47305,83990,17560,0.7049,1.6,32.5,33.6,12.3,4.9,5.3,7.5,2219558,427798,14959755,25129150,84512,36685,25521,58468,37208,0,35583,1909515,37.59,196.2,614.5,299617,122235,166303,1497,9582,52,329,93,4106431,0,0,0,"7380,2069,3934,5937,8126,15638,26598,56176,61025,63151,41827,7756,0,0,0,0,0,0,0,0,0,0,0,0","98,95,341,446,889,920,2772,6548,12653,23603,52859,19973,0,0,0,0,0,0,0,0,0,0,0,0"
grid_10x10_d4_tradeoff_cyc1/g10d4c1_apex.mvh,lf_roi_h256,1,True,11330,47305,83990,17560,0.6708,1.6,32.4,32.7,12.7,5.1,5.4,7.4,2219558,427798,14959755,25651624,84512,36685,25521,58468,37208,0,16376,1518840,37.59,196.2,614.5,299617,122235,166303,1497,9582,52,329,93,4288314,0,0,0,"7380,2069,3934,5937,8126,15638,26598,56176,61025,63151,41827,7756,0,0,0,0,0,0,0,0,0,0,0,0","98,95,341,446,889,920,2772,6548,12653,23603,52859,19973,0,0,0,0,0,0,0,0,0,0,0,0"
grid_10x10_d4_tradeoff_cyc1/g10d4c1_apex.mvh,lf_roi_h1024,1,True,11330,47305,83990,17560,0.7263,1.6,35.2,29.1,12.6,5.0,5.4,6.9,2219558,427798,14959755,28697836,84512,36685,25521,58468,37208,0,5970,871304,37.59,196.2,614.5,299617,122235,166303,1497,9582,52,329,93,5129149,0,0,0,"7380,2069,3934,5937,8126,15638,26598,56176,61025,63151,41827,7756,0,0,0,0,0,0,0,0,0,0,0,0","98,95,341,446,889,920,2772,6548,12653,23603,52859,19973,0,0,0,0,0,0,0,0,0,0,0,0"
grid_10x10_d4_tradeoff_cyc1/g10d4c1_apex.mvh,lf_roi_B4,1,True,11330,47305,83990,17560,0.7961,1.4,34.0,34.4,11.4,4.5,4.8,7.8,2219558,427798,14959755,27363636,84512,36685,25521,58468,37208,0,107537,2694505,37.59,196.2,614.5,299617,122235,166303,1497,9582,52,329,93,4379731,0,0,0,"7380,2069,3934,5937,8126,15638,26598,56176,61025,63151,41827,7756,0,0,0,0,0,0,0,0,0,0,0,0","98,95,341,446,889,920,2772,6548,12653,23603,52859,19973,0,0,0,0,0,0,0,0,0,0,0,0"
grid_10x10_d4_tradeoff_cyc1/g10d4c1_apex.mvh,lf_roi_B16,1,True,11330,47305,83990,17560,0.7625,1.6,31.8,32.7,12.8,5.0,5.4,6.3,2219558,427798,14959755,24925533,84512,36685,25521,58468,37208,0,107537,1543705,37.59,196.2,614.5,299617,122235,166303,1497,9582,52,329,93,4090335,0,0,0,"7380,2069,3934,5937,8126,15638,26598,56176,61025,63151,41827,7756,0,0,0,0,0,0,0,0,0,0,0,0","98,95,341,446,889,920,2772,6548,12653,23603,52859,19973,0,0,0,0,0,0,0,0,0,0,0,0"
grid_10x10_d4_tradeoff_cyc1/g10d4c1_apex.mvh,lf_roi_B32,1,True,11330,47305,83990,17560,0.6438,1.7,32.5,32.0,12.8,5.1,5.5,5.8,2219558,427798,14959755,26743500,84512,36685,25521,58468,37208,0,107537,1042815,37.59,196.2,614.5,299617,122235,166303,1497,9582,52,329,93,4390531,0,0,0,"7380,2069,3934,5937,8126,15638,26598,56176,61025,63151,41827,7756,0,0,0,0,0,0,0,0,0,0,0,0","98,95,341,446,889,920,2772,6548,12653,23603,52859,19973,0,0,0,0,0,0,0,0,0,0,0,0"
grid_10x10_d4_tradeoff_cyc1/g10d4c1_apex.mvh,lf_roi_id_h64,1,True,11330,47305,83990,17560,0.7090,1.6,32.7,33.9,11.9,4.7,5.1,7.7,2219558,427798,14959755,25016898,84512,36685,25521,58468,37208,17127,33284,1907036,37.59,196.2,614.5,299617,122235,166303,1497,9582,52,329,93,4070862,0,0,0,"7380,2069,3934,5937,8126,15638,26598,56176,61025,63151,41827,7756,0,0,0,0,0,0,0,0,0,0,0,0","98,95,341,446,889,920,2772,6548,12653,23603,52859,19973,0,0,0,0,0,0,0,0,0,0,0,0"
grid_10x10_d4_tradeoff_cyc1/g10d4c1_apex.mvh,lf_lexBU_h64,1,True,11330,47305,83990,17560,0.7563,1.5,39.4,29.0,11.5,4.6,4.9,0.8,2219558,427798,14959755,38350651,84512,36685,26761,57228,37208,17128,32260,1509389,37.31,196.2,614.5,299617,122235,166303,1497,9582,52,329,93,7645147,0,0,0,"7380,2069,3934,5937,8126,15638,26598,56176,61025,63151,41827,7756,0,0,0,0,0,0,0,0,0,0,0,0","98,95,341,446,889,920,2772,6548,12653,23603,52859,19973,0,0,0,0,0,0,0,0,0,0,0,0"
grid_10x10_d4_tradeoff_cyc1/g10d4c1_apex.mvh,maya_lin,2,True,11330,47305,83990,17560,1.5060,0.8,72.6,12.7,3.6,1.7,2.6,0.2,1488914,427798,10493229,117950552,252312,36685,25569,69256,194172,0,0,0,53.50,175.4,684.4,124570,105776,9344,1492,7958,52,329,94,31043684,0,0,0,"4006,1141,2112,3304,3952,6506,11042,18740,21011,22518,24955,5283,0,0,0,0,0,0,0,0,0,0,0,0","132,132,508,611,1320,1350,4463,11726,24488,48891,131384,63992,0,0,0,0,0,0,0,0,0,0,0,0"
grid_10x10_d4_tradeoff_cyc1/g10d4c1_apex.mvh,maya_lin_flatT,2,True,11330,47305,83990,17560,1.4449,4.0,61.3,16.5,5.0,1.9,4.2,0.2,58284715,8540564,10493229,551241691,252312,36685,25569,69256,194172,0,0,0,53.50,175.4,684.4,124570,105776,9344,1492,7958,51,275,94,31043684,0,0,0,"4006,1141,2112,3304,3952,6506,11042,18740,21011,22518,24955,5283,0,0,0,0,0,0,0,0,0,0,0,0","132,132,508,611,1320,1350,4463,11726,24488,48891,131384,63992,0,0,0,0,0,0,0,0,0,0,0,0"
grid_10x10_d4_tradeoff_cyc1/g10d4c1_apex.mvh,maya_roi_h0,2,True,11330,47305,83990,17560,0.8604,1.4,46.0,28.5,6.2,3.0,4.6,7.5,1488914,427798,10493229,33216130,252312,36685,25569,69256,194172,0,265990,2997318,53.50,175.4,684.4,124570,105776,9344,1492,7958,52,329,94,5654732,0,0,0,"4006,1141,2112,3304,3952,6506,11042,18740,21011,22518,24955,5283,0,0,0,0,0,0,0,0,0,0,0,0","132,132,508,611,1320,1350,4463,11726,24488,48891,131384,63992,0,0,0,0,0,0,0,0,0,0,0,0"
grid_10x10_d4_tradeoff_cyc1/g10d4c1_apex.mvh,maya_roi_h16,2,True,11330,47305,83990,17560,0.8620,1.4,46.8,28.0,6.2,3.1,4.6,6.8,1488914,427798,10493229,34568520,252312,36685,25569,69256,194172,0,139338,2843688,53.50,175.4,684.4,124570,105776,9344,1492,7958,52,329,94,6136758,0,0,0,"4006,1141,2112,3304,3952,6506,11042,18740,21011,22518,24955,5283,0,0,0,0,0,0,0,0,0,0,0,0","132,132,508,611,1320,1350,4463,11726,24488,48891,131384,63992,0,0,0,0,0,0,0,0,0,0,0,0"
grid_10x10_d4_tradeoff_cyc1/g10d4c1_apex.mvh,maya_roi_h64,2,True,11330,47305,83990,17560,1.0511,1.3,48.4,26.8,5.9,2.8,4.4,6.8,1488914,427798,10493229,37781552,252312,36685,25569,69256,194172,0,87654,2660854,53.50,175.4,684.4,124570,105776,9344,1492,7958,52,329,94,7067141,0,0,0,"4006,1141,2112,3304,3952,6506,11042,18740,21011,22518,24955,5283,0,0,0,0,0,0,0,0,0,0,0,0","132,132,508,611,1320,1350,4463,11726,24488,48891,131384,63992,0,0,0,0,0,0,0,0,0,0,0,0"
grid_10x10_d4_tradeoff_cyc1/g10d4c1_apex.mvh,maya_roi_h256,2,True,11330,47305,83990,17560,1.1996,1.2,54.8,22.4,5.6,2.7,4.1,5.2,1488914,427798,10493229,51203835,252312,36685,25569,69256,194172,0,34053,2097309,53.50,175.4,684.4,124570,105776,9344,1492,7958,52,329,94,11145028,0,0,0,"4006,1141,2112,3304,3952,6506,11042,18740,21011,22518,24955,5283,0,0,0,0,0,0,0,0,0,0,0,0","132,132,508,611,1320,1350,4463,11726,24488,48891,131384,63992,0,0,0,0,0,0,0,0,0,0,0,0"
grid_10x10_d4_tradeoff_cyc1/g10d4c1_apex.mvh,maya_roi_h1024,2,True,11330,47305,83990,17560,2.2768,0.7,62.3,16.6,4.0,1.5,3.6,6.3,1488914,427798,10493229,72076988,252312,36685,25569,69256,194172,0,12520,1211886,53.50,175.4,684.4,124570,105776,9344,1492,7958,52,329,94,17741094,0,0,0,"4006,1141,2112,3304,3952,6506,11042,18740,21011,22518,24955,5283,0,0,0,0,0,0,0,0,0,0,0,0","132,132,508,611,1320,1350,4463,11726,24488,48891,131384,63992,0,0,0,0,0,0,0,0,0,0,0,0"
grid_10x10_d4_tradeoff_cyc1/g10d4c1_apex.mvh,maya_roi_B4,2,True,11330,47305,83990,17560,0.8773,1.3,46.5,29.7,5.8,2.9,4.3,7.5,1488914,427798,10493229,35283012,252312,36685,25569,69256,194172,0,265990,3712262,53.50,175.4,684.4,124570,105776,9344,1492,7958,52,329,94,5923405,0,0,0,"4006,1141,2112,3304,3952,6506,11042,18740,21011,22518,24955,5283,0,0,0,0,0,0,0,0,0,0,0,0","132,132,508,611,1320,1350,4463,11726,24488,48891,131384,63992,0,0,0,0,0,0,0,0,0,0,0,0"
grid_10x10_d4_tradeoff_cyc1/g10d4c1_apex.mvh,maya_roi_B16,2,True,11330,47305,83990,17560,1.2329,1.4,44.4,27.0,6.7,3.3,4.9,5.6,1488914,427798,10493229,33090236,252312,36685,25569,69256,194172,0,265990,2284254,53.50,175.4,684.4,124570,105776,9344,1492,7958,52,329,94,5679389,0,0,0,"4006,1141,2112,3304,3952,6506,11042,18740,21011,22518,24955,5283,0,0,0,0,0,0,0,0,0,0,0,0","132,132,508,611,1320,1350,4463,11726,24488,48891,131384,63992,0,0,0,0,0,0,0,0,0,0,0,0"
grid_10x10_d4_tradeoff_cyc1/g10d4c1_apex.mvh,maya_roi_B32,2,True,11330,47305,83990,17560,1.1521,1.4,46.9,26.1,6.4,3.0,4.6,6.3,1488914,427798,10493229,36409465,252312,36685,25569,69256,194172,0,265990,1646014,53.50,175.4,684.4,124570,105776,9344,1492,7958,52,329,94,6277898,0,0,0,"4006,1141,2112,3304,3952,6506,11042,18740,21011,22518,24955,5283,0,0,0,0,0,0,0,0,0,0,0,0","132,132,508,611,1320,1350,4463,11726,24488,48891,131384,63992,0,0,0,0,0,0,0,0,0,0,0,0"
grid_10x10_d4_tradeoff_cyc1/g10d4c1_apex.mvh,maya_roi_id_h64,2,True,11330,47305,83990,17560,1.0425,1.3,46.3,28.0,6.1,2.9,4.5,7.7,1488914,427798,10493229,33252237,252312,36685,25569,69256,194172,144445,63138,2636158,53.50,175.4,684.4,124570,105776,9344,1492,7958,52,329,94,5697930,0,0,0,"4006,1141,2112,3304,3952,6506,11042,18740,21011,22518,24955,5283,0,0,0,0,0,0,0,0,0,0,0,0","132,132,508,611,1320,1350,4463,11726,24488,48891,131384,63992,0,0,0,0,0,0,0,0,0,0,0,0"
grid_10x10_d4_tradeoff_cyc1/g10d4c1_apex.mvh,maya_lexBU_h64,2,True,11330,47305,83990,17560,1.2868,0.9,65.8,17.6,4.1,2.0,3.0,0.5,1488914,427798,10493229,78049906,252312,36685,26836,67989,194172,144446,62100,4072480,53.18,175.4,684.4,124570,105776,9344,1492,7958,52,329,94,16972518,0,0,0,"4006,1141,2112,3304,3952,6506,11042,18740,21011,22518,24955,5283,0,0,0,0,0,0,0,0,0,0,0,0","132,132,508,611,1320,1350,4463,11726,24488,48891,131384,63992,0,0,0,0,0,0,0,0,0,0,0,0"
grid_10x10_d4_tradeoff_cyc1/g10d4c1_apex.mvh,lf_lin,2,True,11330,47305,83990,17560,0.6891,1.6,39.7,26.6,12.2,4.9,5.2,0.3,2219558,427798,14959755,42615379,84512,36685,25521,58468,37208,0,0,0,37.59,196.2,614.5,299617,122235,166303,1497,9582,52,329,93,8440670,0,0,0,"7380,2069,3934,5937,8126,15638,26598,56176,61025,63151,41827,7756,0,0,0,0,0,0,0,0,0,0,0,0","98,95,341,446,889,920,2772,6548,12653,23603,52859,19973,0,0,0,0,0,0,0,0,0,0,0,0"
grid_10x10_d4_tradeoff_cyc1/g10d4c1_apex.mvh,lf_lin_flatT,2,True,11330,47305,83990,17560,0.9809,6.3,35.5,25.0,15.0,4.1,6.3,0.2,60697500,8540564,14959755,306370544,84512,36685,25521,58468,37208,0,0,0,37.59,196.2,614.5,299617,122235,166303,1497,9582,51,275,93,8440670,0,0,0,"7380,2069,3934,5937,8126,15638,26598,56176,61025,63151,41827,7756,0,0,0,0,0,0,0,0,0,0,0,0","98,95,341,446,889,920,2772,6548,12653,23603,52859,19973,0,0,0,0,0,0,0,0,0,0,0,0"
grid_10x10_d4_tradeoff_cyc1/g10d4c1_apex.mvh,lf_roi_h0,2,True,11330,47305,83990,17560,0.8663,1.5,33.6,33.6,11.4,4.4,4.9,8.7,2219558,427798,14959755,25451466,84512,36685,25521,58468,37208,0,107537,2113961,37.59,196.2,614.5,299617,122235,166303,1497,9582,52,329,93,4136960,0,0,0,"7380,2069,3934,5937,8126,15638,26598,56176,61025,63151,41827,7756,0,0,0,0,0,0,0,0,0,0,0,0","98,95,341,446,889,920,2772,6548,12653,23603,52859,19973,0,0,0,0,0,0,0,0,0,0,0,0"
grid_10x10_d4_tradeoff_cyc1/g10d4c1_apex.mvh,lf_roi_h16,2,True,11330,47305,83990,17560,0.7695,1.6,32.2,33.5,12.4,4.9,5.3,7.1,2219558,427798,14959755,25037870,84512,36685,25521,58468,37208,0,57607,2042177,37.59,196.2,614.5,299617,122235,166303,1497,9582,52,329,93,4072564,0,0,0,"7380,2069,3934,5937,8126,15638,26598,56176,61025,63151,41827,7756,0,0,0,0,0,0,0,0,0,0,0,0","98,95,341,446,889,920,2772,6548,12653,23603,52859,19973,0,0,0,0,0,0,0,0,0,0,0,0"
grid_10x10_d4_tradeoff_cyc1/g10d4c1_apex.mvh,lf_roi_h64,2,True,11330,47305,83990,17560,0.8448,1.6,32.3,33.4,12.3,4.9,5.3,7.7,2219558,427798,14959755,25129150,84512,36685,25521,58468,37208,0,35583,1909515,37.59,196.2,614.5,299617,122235,166303,1497,9582,52,329,93,4106431,0,0,0,"7380,2069,3934,5937,8126,15638,26598,56176,61025,63151,41827,7756,0,0,0,0,0,0,0,0,0,0,0,0","98,95,341,446,889,920,2772,6548,12653,23603,52859,19973,0,0,0,0,0,0,0,0,0,0,0,0"
grid_10x10_d4_tradeoff_cyc1/g10d4c1_apex.mvh,lf_roi_h256,2,True,11330,47305,83990,17560,0.7962,1.7,32.6,31.9,13.1,5.2,5.4,7.7,2219558,427798,14959755,25651624,84512,36685,25521,58468,37208,0,16376,1518840,37.59,196.2,614.5,299617,122235,166303,1497,9582,52,329,93,4288314,0,0,0,"7380,2069,3934,5937,8126,15638,26598,56176,61025,63151,41827,7756,0,0,0,0,0,0,0,0,0,0,0,0","98,95,341,446,889,920,2772,6548,12653,23603,52859,19973,0,0,0,0,0,0,0,0,0,0,0,0"
grid_10x10_d4_tradeoff_cyc1/g10d4c1_apex.mvh,lf_roi_h1024,2,True,11330,47305,83990,17560,0.9286,1.6,34.8,28.5,13.3,5.2,5.4,6.7,2219558,427798,14959755,28697836,84512,36685,25521,58468,37208,0,5970,871304,37.59,196.2,614.5,299617,122235,166303,1497,9582,52,329,93,5129149,0,0,0,"7380,2069,3934,5937,8126,15638,26598,56176,61025,63151,41827,7756,0,0,0,0,0,0,0,0,0,0,0,0","98,95,341,446,889,920,2772,6548,12653,23603,52859,19973,0,0,0,0,0,0,0,0,0,0,0,0"
grid_10x10_d4_tradeoff_cyc1/g10d4c1_apex.mvh,lf_roi_B4,2,True,11330,47305,83990,17560,1.0141,1.4,33.9,34.1,11.4,4.4,4.8,8.1,2219558,427798,14959755,27363636,84512,36685,25521,58468,37208,0,107537,2694505,37.59,196.2,614.5,299617,122235,166303,1497,9582,52,329,93,4379731,0,0,0,"7380,2069,3934,5937,8126,15638,26598,56176,61025,63151,41827,7756,0,0,0,0,0,0,0,0,0,0,0,0","98,95,341,446,889,920,2772,6548,12653,23603,52859,19973,0,0,0,0,0,0,0,0,0,0,0,0"
grid_10x10_d4_tradeoff_cyc1/g10d4c1_apex.mvh,lf_roi_B16,2,True,11330,47305,83990,17560,0.9519,1.6,31.7,32.8,12.4,4.7,5.2,7.1,2219558,427798,14959755,24925533,84512,36685,25521,58468,37208,0,107537,1543705,37.59,196.2,614.5,299617,122235,166303,1497,9582,52,329,93,4090335,0,0,0,"7380,2069,3934,5937,8126,15638,26598,56176,61025,63151,41827,7756,0,0,0,0,0,0,0,0,0,0,0,0","98,95,341,446,889,920,2772,6548,12653,23603,52859,19973,0,0,0,0,0,0,0,0,0,0,0,0"
grid_10x10_d4_tradeoff_cyc1/g10d4c1_apex.mvh,lf_roi_B32,2,True,11330,47305,83990,17560,0.8845,1.6,32.8,31.7,12.6,4.9,5.4,6.8,2219558,427798,14959755,26743500,84512,36685,25521,58468,37208,0,107537,1042815,37.59,196.2,614.5,299617,122235,166303,1497,9582,52,329,93,4390531,0,0,0,"7380,2069,3934,5937,8126,15638,26598,56176,61025,63151,41827,7756,0,0,0,0,0,0,0,0,0,0,0,0","98,95,341,446,889,920,2772,6548,12653,23603,52859,19973,0,0,0,0,0,0,0,0,0,0,0,0"
grid_10x10_d4_tradeoff_cyc1/g10d4c1_apex.mvh,lf_roi_id_h64,2,True,11330,47305,83990,17560,0.7817,1.6,33.0,33.3,12.3,4.9,5.2,7.8,2219558,427798,14959755,25016898,84512,36685,25521,58468,37208,17127,33284,1907036,37.59,196.2,614.5,299617,122235,166303,1497,9582,52,329,93,4070862,0,0,0,"7380,2069,3934,5937,8126,15638,26598,56176,61025,63151,41827,7756,0,0,0,0,0,0,0,0,0,0,0,0","98,95,341,446,889,920,2772,6548,12653,23603,52859,19973,0,0,0,0,0,0,0,0,0,0,0,0"
grid_10x10_d4_tradeoff_cyc1/g10d4c1_apex.mvh,lf_lexBU_h64,2,True,11330,47305,83990,17560,0.7779,1.5,39.6,29.5,11.3,4.5,4.8,0.7,2219558,427798,14959755,38350651,84512,36685,26761,57228,37208,17128,32260,1509389,37.31,196.2,614.5,299617,122235,166303,1497,9582,52,329,93,7645147,0,0,0,"7380,2069,3934,5937,8126,15638,26598,56176,61025,63151,41827,7756,0,0,0,0,0,0,0,0,0,0,0,0","98,95,341,446,889,920,2772,6548,12653,23603,52859,19973,0,0,0,0,0,0,0,0,0,0,0,0"
grid10_M3_r-0.6_s42/apex.mvh,maya_lin,0,True,1602,9499,28507,9643,0.1054,1.3,54.5,16.7,3.9,1.0,2.7,0.4,162278,35306,420744,3496756,57678,19008,6395,31320,38971,0,0,0,30.05,80.2,29.4,37571,26675,8428,781,1687,24,83,76,2666235,0,0,0,"3120,1191,2193,4361,11562,13155,1989,0,0,0,0,0,0,0,0,0,0,0,0,0,0,0,0,0","132,239,355,2006,5705,32929,35320,0,0,0,0,0,0,0,0,0,0,0,0,0,0,0,0,0"
grid10_M3_r-0.6_s42/apex.mvh,maya_lin_flatT,0,True,1602,9499,28507,9643,0.0680,1.5,41.7,15.3,6.1,1.5,3.9,0.4,673877,80353,420744,10384675,57678,19008,6395,31320,38971,0,0,0,30.05,80.2,29.4,37571,26675,8428,781,1687,23,63,76,2666235,0,0,0,"3120,1191,2193,4361,11562,13155,1989,0,0,0,0,0,0,0,0,0,0,0,0,0,0,0,0,0","132,239,355,2006,5705,32929,35320,0,0,0,0,0,0,0,0,0,0,0,0,0,0,0,0,0"
grid10_M3_r-0.6_s42/apex.mvh,maya_roi_h0,0,True,1602,9499,28507,9643,0.0820,1.6,38.9,26.3,4.7,1.2,3.3,8.5,162278,35306,420744,1780938,57678,19008,6395,31320,38971,0,71648,577110,30.05,80.2,29.4,37571,26675,8428,781,1687,24,83,76,1173333,0,0,0,"3120,1191,2193,4361,11562,13155,1989,0,0,0,0,0,0,0,0,0,0,0,0,0,0,0,0,0","132,239,355,2006,5705,32929,35320,0,0,0,0,0,0,0,0,0,0,0,0,0,0,0,0,0"
grid10_M3_r-0.6_s42/apex.mvh,maya_roi_h16,0,True,1602,9499,28507,9643,0.0913,1.5,39.1,25.6,4.6,1.2,3.3,8.6,162278,35306,420744,1829139,57678,19008,6395,31320,38971,0,47459,548729,30.05,80.2,29.4,37571,26675,8428,781,1687,24,83,76,1213787,0,0,0,"3120,1191,2193,4361,11562,13155,1989,0,0,0,0,0,0,0,0,0,0,0,0,0,0,0,0,0","132,239,355,2006,5705,32929,35320,0,0,0,0,0,0,0,0,0,0,0,0,0,0,0,0,0"
grid10_M3_r-0.6_s42/apex.mvh,maya_roi_h64,0,True,1602,9499,28507,9643,0.0869,1.5,42.5,24.0,4.5,1.2,3.3,7.9,162278,35306,420744,2039561,57678,19008,6395,31320,38971,0,22882,417256,30.05,80.2,29.4,37571,26675,8428,781,1687,24,83,76,1390726,0,0,0,"3120,1191,2193,4361,11562,13155,1989,0,0,0,0,0,0,0,0,0,0,0,0,0,0,0,0,0","132,239,355,2006,5705,32929,35320,0,0,0,0,0,0,0,0,0,0,0,0,0,0,0,0,0"
grid10_M3_r-0.6_s42/apex.mvh,maya_roi_h256,0,True,1602,9499,28507,9643,0.0993,1.4,47.6,21.7,4.1,1.1,2.9,6.5,162278,35306,420744,2672180,57678,19008,6395,31320,38971,0,6328,189560,30.05,80.2,29.4,37571,26675,8428,781,1687,24,83,76,1936420,0,0,0,"3120,1191,2193,4361,11562,13155,1989,0,0,0,0,0,0,0,0,0,0,0,0,0,0,0,0,0","132,239,355,2006,5705,32929,35320,0,0,0,0,0,0,0,0,0,0,0,0,0,0,0,0,0"
grid10_M3_r-0.6_s42/apex.mvh,maya_roi_h1024,0,True,1602,9499,28507,9643,0.1150,1.2,53.3,17.7,3.9,1.0,2.7,2.8,162278,35306,420744,3417627,57678,19008,6395,31320,38971,0,385,18953,30.05,80.2,29.4,37571,26675,8428,781,1687,24,83,76,2599069,0,0,0,"3120,1191,2193,4361,11562,13155,1989,0,0,0,0,0,0,0,0,0,0,0,0,0,0,0,0,0","132,239,355,2006,5705,32929,35320,0,0,0,0,0,0,0,0,0,0,0,0,0,0,0,0,0"
grid10_M3_r-0.6_s42/apex.mvh,maya_roi_B4,0,True,1602,9499,28507,9643,0.1016,1.5,39.0,26.7,4.4,1.2,3.2,8.8,162278,35306,420744,1904155,57678,19008,6395,31320,38971,0,71648,732816,30.05,80.2,29.4,37571,26675,8428,781,1687,24,83,76,1238492,0,0,0,"3120,1191,2193,4361,11562,13155,1989,0,0,0,0,0,0,0,0,0,0,0,0,0,0,0,0,0","132,239,355,2006,5705,32929,35320,0,0,0,0,0,0,0,0,0,0,0,0,0,0,0,0,0"
grid10_M3_r-0.6_s42/apex.mvh,maya_roi_B16,0,True,1602,9499,28507,9643,0.0835,1.7,39.1,24.8,4.9,1.2,3.4,7.3,162278,35306,420744,1745211,57678,19008,6395,31320,38971,0,71648,407678,30.05,80.2,29.4,37571,26675,8428,781,1687,24,83,76,1155378,0,0,0,"3120,1191,2193,4361,11562,13155,1989,0,0,0,0,0,0,0,0,0,0,0,0,0,0,0,0,0","132,239,355,2006,5705,32929,35320,0,0,0,0,0,0,0,0,0,0,0,0,0,0,0,0,0"
grid10_M3_r-0.6_s42/apex.mvh,maya_roi_B32,0,True,1602,9499,28507,9643,0.0783,1.7,41.1,22.7,5.0,1.3,3.4,6.5,162278,35306,420744,1832291,57678,19008,6395,31320,38971,0,71648,268928,30.05,80.2,29.4,37571,26675,8428,781,1687,24,83,76,1226056,0,0,0,"3120,1191,2193,4361,11562,13155,1989,0,0,0,0,0,0,0,0,0,0,0,0,0,0,0,0,0","132,239,355,2006,5705,32929,35320,0,0,0,0,0,0,0,0,0,0,0,0,0,0,0,0,0"
grid10_M3_r-0.6_s42/apex.mvh,maya_roi_id_h64,0,True,1602,9499,28507,9643,0.0808,1.6,39.1,25.4,4.7,1.2,3.3,8.6,162278,35306,420744,1823644,57678,19008,6395,31320,38971,25836,20232,414208,30.05,80.2,29.4,37571,26675,8428,781,1687,24,83,76,1213226,0,0,0,"3120,1191,2193,4361,11562,13155,1989,0,0,0,0,0,0,0,0,0,0,0,0,0,0,0,0,0","132,239,355,2006,5705,32929,35320,0,0,0,0,0,0,0,0,0,0,0,0,0,0,0,0,0"
grid10_M3_r-0.6_s42/apex.mvh,maya_lexBU_h64,0,True,1602,9499,28507,9643,0.0883,1.5,46.7,21.2,4.4,1.1,3.1,0.9,162278,35306,420744,2396901,57678,19008,6810,30905,38971,25862,19828,276916,29.66,80.2,29.4,37571,26675,8428,781,1687,24,83,76,1806185,0,0,0,"3120,1191,2193,4361,11562,13155,1989,0,0,0,0,0,0,0,0,0,0,0,0,0,0,0,0,0","132,239,355,2006,5705,32929,35320,0,0,0,0,0,0,0,0,0,0,0,0,0,0,0,0,0"
grid10_M3_r-0.6_s42/apex.mvh,lf_lin,0,True,1602,9499,28507,9643,0.0731,1.9,30.8,24.2,10.8,2.8,3.8,0.4,233049,35306,917044,1820726,26984,19008,6194,22312,17486,0,0,0,23.80,92.5,28.6,67177,34449,28923,1771,2034,24,83,75,1348404,0,0,0,"5934,1786,2776,6396,22087,25562,2636,0,0,0,0,0,0,0,0,0,0,0,0,0,0,0,0,0","98,168,248,1399,3761,20365,19953,0,0,0,0,0,0,0,0,0,0,0,0,0,0,0,0,0"
grid10_M3_r-0.6_s42/apex.mvh,lf_lin_flatT,0,True,1602,9499,28507,9643,0.0523,1.9,21.8,18.9,14.7,3.7,4.8,0.6,755358,80353,917044,6055857,26984,19008,6194,22312,17486,0,0,0,23.80,92.5,28.6,67177,34449,28923,1771,2034,23,63,75,1348404,0,0,0,"5934,1786,2776,6396,22087,25562,2636,0,0,0,0,0,0,0,0,0,0,0,0,0,0,0,0,0","98,168,248,1399,3761,20365,19953,0,0,0,0,0,0,0,0,0,0,0,0,0,0,0,0,0"
grid10_M3_r-0.6_s42/apex.mvh,lf_roi_h0,0,True,1602,9499,28507,9643,0.0730,1.9,24.6,31.2,10.5,2.7,3.6,9.2,233049,35306,917044,1197447,26984,19008,6194,22312,17486,0,42470,402338,23.80,92.5,28.6,67177,34449,28923,1771,2034,24,83,75,804323,0,0,0,"5934,1786,2776,6396,22087,25562,2636,0,0,0,0,0,0,0,0,0,0,0,0,0,0,0,0,0","98,168,248,1399,3761,20365,19953,0,0,0,0,0,0,0,0,0,0,0,0,0,0,0,0,0"
grid10_M3_r-0.6_s42/apex.mvh,lf_roi_h16,0,True,1602,9499,28507,9643,0.0742,1.9,24.2,31.0,10.4,2.6,3.6,8.7,233049,35306,917044,1200976,26984,19008,6194,22312,17486,0,29540,385804,23.80,92.5,28.6,67177,34449,28923,1771,2034,24,83,75,808094,0,0,0,"5934,1786,2776,6396,22087,25562,2636,0,0,0,0,0,0,0,0,0,0,0,0,0,0,0,0,0","98,168,248,1399,3761,20365,19953,0,0,0,0,0,0,0,0,0,0,0,0,0,0,0,0,0"
grid10_M3_r-0.6_s42/apex.mvh,lf_roi_h64,0,True,1602,9499,28507,9643,0.0792,1.8,24.6,29.9,10.3,2.5,3.7,8.7,233049,35306,917044,1247813,26984,19008,6194,22312,17486,0,15046,298774,23.80,92.5,28.6,67177,34449,28923,1771,2034,24,83,75,845611,0,0,0,"5934,1786,2776,6396,22087,25562,2636,0,0,0,0,0,0,0,0,0,0,0,0,0,0,0,0,0","98,168,248,1399,3761,20365,19953,0,0,0,0,0,0,0,0,0,0,0,0,0,0,0,0,0"
grid10_M3_r-0.6_s42/apex.mvh,lf_roi_h256,0,True,1602,9499,28507,9643,0.0900,1.7,25.4,28.5,10.2,2.6,3.6,6.4,233049,35306,917044,1465275,26984,19008,6194,22312,17486,0,4762,151840,23.80,92.5,28.6,67177,34449,28923,1771,2034,24,83,75,1042142,0,0,0,"5934,1786,2776,6396,22087,25562,2636,0,0,0,0,0,0,0,0,0,0,0,0,0,0,0,0,0","98,168,248,1399,3761,20365,19953,0,0,0,0,0,0,0,0,0,0,0,0,0,0,0,0,0"
grid10_M3_r-0.6_s42/apex.mvh,lf_roi_h1024,0,True,1602,9499,28507,9643,0.0760,1.9,30.4,26.0,10.6,2.7,3.6,3.9,233049,35306,917044,1785848,26984,19008,6194,22312,17486,0,296,15506,23.80,92.5,28.6,67177,34449,28923,1771,2034,24,83,75,1321307,0,0,0,"5934,1786,2776,6396,22087,25562,2636,0,0,0,0,0,0,0,0,0,0,0,0,0,0,0,0,0","98,168,248,1399,3761,20365,19953,0,0,0,0,0,0,0,0,0,0,0,0,0,0,0,0,0"
grid10_M3_r-0.6_s42/apex.mvh,lf_roi_B4,0,True,1602,9499,28507,9643,0.0750,1.7,25.4,32.2,10.0,2.7,3.5,10.1,233049,35306,917044,1292135,26984,19008,6194,22312,17486,0,42470,512550,23.80,92.5,28.6,67177,34449,28923,1771,2034,24,83,75,857497,0,0,0,"5934,1786,2776,6396,22087,25562,2636,0,0,0,0,0,0,0,0,0,0,0,0,0,0,0,0,0","98,168,248,1399,3761,20365,19953,0,0,0,0,0,0,0,0,0,0,0,0,0,0,0,0,0"
grid10_M3_r-0.6_s42/apex.mvh,lf_roi_B16,0,True,1602,9499,28507,9643,0.0668,2.0,24.4,28.8,11.2,2.9,3.9,8.2,233049,35306,917044,1141443,26984,19008,6194,22312,17486,0,42470,282346,23.80,92.5,28.6,67177,34449,28923,1771,2034,24,83,75,766946,0,0,0,"5934,1786,2776,6396,22087,25562,2636,0,0,0,0,0,0,0,0,0,0,0,0,0,0,0,0,0","98,168,248,1399,3761,20365,19953,0,0,0,0,0,0,0,0,0,0,0,0,0,0,0,0,0"
grid10_M3_r-0.6_s42/apex.mvh,lf_roi_B32,0,True,1602,9499,28507,9643,0.0689,2.0,23.0,27.0,11.5,3.0,4.0,6.3,233049,35306,917044,1146565,26984,19008,6194,22312,17486,0,42470,185394,23.80,92.5,28.6,67177,34449,28923,1771,2034,24,83,75,770724,0,0,0,"5934,1786,2776,6396,22087,25562,2636,0,0,0,0,0,0,0,0,0,0,0,0,0,0,0,0,0","98,168,248,1399,3761,20365,19953,0,0,0,0,0,0,0,0,0,0,0,0,0,0,0,0,0"
grid10_M3_r-0.6_s42/apex.mvh,lf_roi_id_h64,0,True,1602,9499,28507,9643,0.0798,1.8,23.9,29.5,10.7,2.7,3.8,8.9,233049,35306,917044,1186047,26984,19008,6194,22312,17486,10701,13173,296503,23.80,92.5,28.6,67177,34449,28923,1771,2034,24,83,75,796822,0,0,0,"5934,1786,2776,6396,22087,25562,2636,0,0,0,0,0,0,0,0,0,0,0,0,0,0,0,0,0","98,168,248,1399,3761,20365,19953,0,0,0,0,0,0,0,0,0,0,0,0,0,0,0,0,0"
grid10_M3_r-0.6_s42/apex.mvh,lf_lexBU_h64,0,True,1602,9499,28507,9643,0.0694,2.0,25.8,27.7,11.2,2.9,3.9,1.0,233049,35306,917044,1382608,26984,19008,6578,21928,17486,10727,12795,150590,23.43,92.5,28.6,67177,34449,28923,1771,2034,24,83,75,1033291,0,0,0,"5934,1786,2776,6396,22087,25562,2636,0,0,0,0,0,0,0,0,0,0,0,0,0,0,0,0,0","98,168,248,1399,3761,20365,19953,0,0,0,0,0,0,0,0,0,0,0,0,0,0,0,0,0"
grid10_M3_r-0.6_s42/apex.mvh,maya_lin,1,True,1602,9499,28507,9643,0.0962,1.3,54.2,17.5,4.0,1.0,2.7,0.3,162278,35306,420744,3496756,57678,19008,6395,31320,38971,0,0,0,30.05,80.2,29.4,37571,26675,8428,781,1687,24,83,76,2666235,0,0,0,"3120,1191,2193,4361,11562,13155,1989,0,0,0,0,0,0,0,0,0,0,0,0,0,0,0,0,0","132,239,355,2006,5705,32929,35320,0,0,0,0,0,0,0,0,0,0,0,0,0,0,0,0,0"
grid10_M3_r-0.6_s42/apex.mvh,maya_lin_flatT,1,True,1602,9499,28507,9643,0.0633,1.5,41.9,15.3,6.1,1.6,3.9,0.5,673877,80353,420744,10384675,57678,19008,6395,31320,38971,0,0,0,30.05,80.2,29.4,37571,26675,8428,781,1687,23,63,76,2666235,0,0,0,"3120,1191,2193,4361,11562,13155,1989,0,0,0,0,0,0,0,0,0,0,0,0,0,0,0,0,0","132,239,355,2006,5705,32929,35320,0,0,0,0,0,0,0,0,0,0,0,0,0,0,0,0,0"
grid10_M3_r-0.6_s42/apex.mvh,maya_roi_h0,1,True,1602,9499,28507,9643,0.0868,1.6,38.2,25.9,4.6,1.2,3.3,8.2,162278,35306,420744,1780938,57678,19008,6395,31320,38971,0,71648,577110,30.05,80.2,29.4,37571,26675,8428,781,1687,24,83,76,1173333,0,0,0,"3120,1191,2193,4361,11562,13155,1989,0,0,0,0,0,0,0,0,0,0,0,0,0,0,0,0,0","132,239,355,2006,5705,32929,35320,0,0,0,0,0,0,0,0,0,0,0,0,0,0,0,0,0"
grid10_M3_r-0.6_s42/apex.mvh,maya_roi_h16,1,True,1602,9499,28507,9643,0.0865,1.6,39.8,25.7,4.6,1.2,3.3,8.9,162278,35306,420744,1829139,57678,19008,6395,31320,38971,0,47459,548729,30.05,80.2,29.4,37571,26675,8428,781,1687,24,83,76,1213787,0,0,0,"3120,1191,2193,4361,11562,13155,1989,0,0,0,0,0,0,0,0,0,0,0,0,0,0,0,0,0","132,239,355,2006,5705,32929,35320,0,0,0,0,0,0,0,0,0,0,0,0,0,0,0,0,0"
grid10_M3_r-0.6_s42/apex.mvh,maya_roi_h64,1,True,1602,9499,28507,9643,0.0960,1.5,40.9,24.1,4.4,1.1,3.2,7.3,162278,35306,420744,2039561,57678,19008,6395,31320,38971,0,22882,417256,30.05,80.2,29.4,37571,26675,8428,781,1687,24,83,76,1390726,0,0,0,"3120,1191,2193,4361,11562,13155,1989,0,0,0,0,0,0,0,0,0,0,0,0,0,0,0,0,0","132,239,355,2006,5705,32929,35320,0,0,0,0,0,0,0,0,0,0,0,0,0,0,0,0,0"
grid10_M3_r-0.6_s42/apex.mvh,maya_roi_h256,1,True,1602,9499,28507,9643,0.0944,1.4,48.3,21.7,4.1,1.1,2.8,6.5,162278,35306,420744,2672180,57678,19008,6395,31320,38971,0,6328,189560,30.05,80.2,29.4,37571,26675,8428,781,1687,24,83,76,1936420,0,0,0,"3120,1191,2193,4361,11562,13155,1989,0,0,0,0,0,0,0,0,0,0,0,0,0,0,0,0,0","132,239,355,2006,5705,32929,35320,0,0,0,0,0,0,0,0,0,0,0,0,0,0,0,0,0"
grid10_M3_r-0.6_s42/apex.mvh,maya_roi_h1024,1,True,1602,9499,28507,9643,0.0985,1.3,53.7,18.4,3.9,1.0,2.6,3.0,162278,35306,420744,3417627,57678,19008,6395,31320,38971,0,385,18953,30.05,80.2,29.4,37571,26675,8428,781,1687,24,83,76,2599069,0,0,0,"3120,1191,2193,4361,11562,13155,1989,0,0,0,0,0,0,0,0,0,0,0,0,0,0,0,0,0","132,239,355,2006,5705,32929,35320,0,0,0,0,0,0,0,0,0,0,0,0,0,0,0,0,0"
grid10_M3_r-0.6_s42/apex.mvh,maya_roi_B4,1,True,1602,9499,28507,9643,0.0857,1.5,39.5,27.1,4.4,1.1,3.2,9.3,162278,35306,420744,1904155,57678,19008,6395,31320,38971,0,71648,732816,30.05,80.2,29.4,37571,26675,8428,781,1687,24,83,76,1238492,0,0,0,"3120,1191,2193,4361,11562,13155,1989,0,0,0,0,0,0,0,0,0,0,0,0,0,0,0,0,0","132,239,355,2006,5705,32929,35320,0,0,0,0,0,0,0,0,0,0,0,0,0,0,0,0,0"
grid10_M3_r-0.6_s42/apex.mvh,maya_roi_B16,1,True,1602,9499,28507,9643,0.0757,1.7,39.0,24.4,4.9,1.3,3.5,7.3,162278,35306,420744,1745211,57678,19008,6395,31320,38971,0,71648,407678,30.05,80.2,29.4,37571,26675,8428,781,1687,24,83,76,1155378,0,0,0,"3120,1191,2193,4361,11562,13155,1989,0,0,0,0,0,0,0,0,0,0,0,0,0,0,0,0,0","132,239,355,2006,5705,32929,35320,0,0,0,0,0,0,0,0,0,0,0,0,0,0,0,0,0"
grid10_M3_r-0.6_s42/apex.mvh,maya_roi_B32,1,True,1602,9499,28507,9643,0.0750,1.7,41.1,22.5,5.0,1.3,3.5,6.3,162278,35306,420744,1832291,57678,19008,6395,31320,38971,0,71648,268928,30.05,80.2,29.4,37571,26675,8428,781,1687,24,83,76,1226056,0,0,0,"3120,1191,2193,4361,11562,13155,1989,0,0,0,0,0,0,0,0,0,0,0,0,0,0,0,0,0","132,239,355,2006,5705,32929,35320,0,0,0,0,0,0,0,0,0,0,0,0,0,0,0,0,0"
grid10_M3_r-0.6_s42/apex.mvh,maya_roi_id_h64,1,True,1602,9499,28507,9643,0.0815,1.7,39.6,24.8,4.7,1.2,3.4,8.3,162278,35306,420744,1823644,57678,19008,6395,31320,38971,25836,20232,414208,30.05,80.2,29.4,37571,26675,8428,781,1687,24,83,76,1213226,0,0,0,"3120,1191,2193,4361,11562,13155,1989,0,0,0,0,0,0,0,0,0,0,0,0,0,0,0,0,0","132,239,355,2006,5705,32929,35320,0,0,0,0,0,0,0,0,0,0,0,0,0,0,0,0,0"
grid10_M3_r-0.6_s42/apex.mvh,maya_lexBU_h64,1,True,1602,9499,28507,9643,0.0850,1.5,46.9,21.1,4.4,1.2,3.0,0.9,162278,35306,420744,2396901,57678,19008,6810,30905,38971,25862,19828,276916,29.66,80.2,29.4,37571,26675,8428,781,1687,24,83,76,1806185,0,0,0,"3120,1191,2193,4361,11562,13155,1989,0,0,0,0,0,0,0,0,0,0,0,0,0,0,0,0,0","132,239,355,2006,5705,32929,35320,0,0,0,0,0,0,0,0,0,0,0,0,0,0,0,0,0"
grid10_M3_r-0.6_s42/apex.mvh,lf_lin,1,True,1602,9499,28507,9643,0.0742,1.8,31.3,22.9,10.9,2.8,3.8,0.4,233049,35306,917044,1820726,26984,19008,6194,22312,17486,0,0,0,23.80,92.5,28.6,67177,34449,28923,1771,2034,24,83,75,1348404,0,0,0,"5934,1786,2776,6396,22087,25562,2636,0,0,0,0,0,0,0,0,0,0,0,0,0,0,0,0,0","98,168,248,1399,3761,20365,19953,0,0,0,0,0,0,0,0,0,0,0,0,0,0,0,0,0"
grid10_M3_r-0.6_s42/apex.mvh,lf_lin_flatT,1,True,1602,9499,28507,9643,0.0568,1.9,21.8,18.6,14.5,3.7,4.6,0.4,755358,80353,917044,6055857,26984,19008,6194,22312,17486,0,0,0,23.80,92.5,28.6,67177,34449,28923,1771,2034,23,63,75,1348404,0,0,0,"5934,1786,2776,6396,22087,25562,2636,0,0,0,0,0,0,0,0,0,0,0,0,0,0,0,0,0","98,168,248,1399,3761,20365,19953,0,0,0,0,0,0,0,0,0,0,0,0,0,0,0,0,0"
grid10_M3_r-0.6_s42/apex.mvh,lf_roi_h0,1,True,1602,9499,28507,9643,0.0790,1.8,24.4,30.8,10.3,2.7,3.5,9.6,233049,35306,917044,1197447,26984,19008,6194,22312,17486,0,42470,402338,23.80,92.5,28.6,67177,34449,28923,1771,2034,24,83,75,804323,0,0,0,"5934,1786,2776,6396,22087,25562,2636,0,0,0,0,0,0,0,0,0,0,0,0,0,0,0,0,0","98,168,248,1399,3761,20365,19953,0,0,0,0,0,0,0,0,0,0,0,0,0,0,0,0,0"
grid10_M3_r-0.6_s42/apex.mvh,lf_roi_h16,1,True,1602,9499,28507,9643,0.0704,1.9,24.5,31.1,10.7,2.7,3.6,9.2,233049,35306,917044,1200976,26984,19008,6194,22312,17486,0,29540,385804,23.80,92.5,28.6,67177,34449,28923,1771,2034,24,83,75,808094,0,0,0,"5934,1786,2776,6396,22087,25562,2636,0,0,0,0,0,0,0,0,0,0,0,0,0,0,0,0,0","98,168,248,1399,3761,20365,19953,0,0,0,0,0,0,0,0,0,0,0,0,0,0,0,0,0"
grid10_M3_r-0.6_s42/apex.mvh,lf_roi_h64,1,True,1602,9499,28507,9643,0.0717,1.9,25.0,29.7,10.6,2.7,3.9,8.6,233049,35306,917044,1247813,26984,19008,6194,22312,17486,0,15046,298774,23.80,92.5,28.6,67177,34449,28923,1771,2034,24,83,75,845611,0,0,0,"5934,1786,2776,6396,22087,25562,2636,0,0,0,0,0,0,0,0,0,0,0,0,0,0,0,0,0","98,168,248,1399,3761,20365,19953,0,0,0,0,0,0,0,0,0,0,0,0,0,0,0,0,0"
grid10_M3_r-0.6_s42/apex.mvh,lf_roi_h256,1,True,1602,9499,28507,9643,0.0748,1.9,27.2,29.0,10.4,2.6,3.7,7.6,233049,35306,917044,1465275,26984,19008,6194,22312,17486,0,4762,151840,23.80,92.5,28.6,67177,34449,28923,1771,2034,24,83,75,1042142,0,0,0,"5934,1786,2776,6396,22087,25562,2636,0,0,0,0,0,0,0,0,0,0,0,0,0,0,0,0,0","98,168,248,1399,3761,20365,19953,0,0,0,0,0,0,0,0,0,0,0,0,0,0,0,0,0"
grid10_M3_r-0.6_s42/apex.mvh,lf_roi_h1024,1,True,1602,9499,28507,9643,0.0713,1.9,30.1,26.4,10.5,2.7,3.6,3.4,233049,35306,917044,1785848,26984,19008,6194,22312,17486,0,296,15506,23.80,92.5,28.6,67177,34449,28923,1771,2034,24,83,75,1321307,0,0,0,"5934,1786,2776,6396,22087,25562,2636,0,0,0,0,0,0,0,0,0,0,0,0,0,0,0,0,0","98,168,248,1399,3761,20365,19953,0,0,0,0,0,0,0,0,0,0,0,0,0,0,0,0,0"
grid10_M3_r-0.6_s42/apex.mvh,lf_roi_B4,1,True,1602,9499,28507,9643,0.0913,1.7,24.2,31.2,10.0,2.6,3.5,8.8,233049,35306,917044,1292135,26984,19008,6194,22312,17486,0,42470,512550,23.80,92.5,28.6,67177,34449,28923,1771,2034,24,83,75,857497,0,0,0,"5934,1786,2776,6396,22087,25562,2636,0,0,0,0,0,0,0,0,0,0,0,0,0,0,0,0,0","98,168,248,1399,3761,20365,19953,0,0,0,0,0,0,0,0,0,0,0,0,0,0,0,0,0"
grid10_M3_r-0.6_s42/apex.mvh,lf_roi_B16,1,True,1602,9499,28507,9643,0.0775,1.9,22.3,29.4,10.8,2.7,3.7,6.9,233049,35306,917044,1141443,26984,19008,6194,22312,17486,0,42470,282346,23.80,92.5,28.6,67177,34449,28923,1771,2034,24,83,75,766946,0,0,0,"5934,1786,2776,6396,22087,25562,2636,0,0,0,0,0,0,0,0,0,0,0,0,0,0,0,0,0","98,168,248,1399,3761,20365,19953,0,0,0,0,0,0,0,0,0,0,0,0,0,0,0,0,0"
grid10_M3_r-0.6_s42/apex.mvh,lf_roi_B32,1,True,1602,9499,28507,9643,0.0624,2.1,24.6,27.7,11.8,3.0,4.0,6.9,233049,35306,917044,1146565,26984,19008,6194,22312,17486,0,42470,185394,23.80,92.5,28.6,67177,34449,28923,1771,2034,24,83,75,770724,0,0,0,"5934,1786,2776,6396,22087,25562,2636,0,0,0,0,0,0,0,0,0,0,0,0,0,0,0,0,0","98,168,248,1399,3761,20365,19953,0,0,0,0,0,0,0,0,0,0,0,0,0,0,0,0,0"
grid10_M3_r-0.6_s42/apex.mvh,lf_roi_id_h64,1,True,1602,9499,28507,9643,0.0809,1.8,22.9,29.7,10.2,2.5,3.6,8.1,233049,35306,917044,1186047,26984,19008,6194,22312,17486,10701,13173,296503,23.80,92.5,28.6,67177,34449,28923,1771,2034,24,83,75,796822,0,0,0,"5934,1786,2776,6396,22087,25562,2636,0,0,0,0,0,0,0,0,0,0,0,0,0,0,0,0,0","98,168,248,1399,3761,20365,19953,0,0,0,0,0,0,0,0,0,0,0,0,0,0,0,0,0"
grid10_M3_r-0.6_s42/apex.mvh,lf_lexBU_h64,1,True,1602,9499,28507,9643,0.0718,1.9,24.7,28.0,10.9,2.8,3.8,0.9,233049,35306,917044,1382608,26984,19008,6578,21928,17486,10727,12795,150590,23.43,92.5,28.6,67177,34449,28923,1771,2034,24,83,75,1033291,0,0,0,"5934,1786,2776,6396,22087,25562,2636,0,0,0,0,0,0,0,0,0,0,0,0,0,0,0,0,0","98,168,248,1399,3761,20365,19953,0,0,0,0,0,0,0,0,0,0,0,0,0,0,0,0,0"
grid10_M3_r-0.6_s42/apex.mvh,maya_lin,2,True,1602,9499,28507,9643,0.1079,1.3,55.0,16.4,3.9,1.0,2.7,0.2,162278,35306,420744,3496756,57678,19008,6395,31320,38971,0,0,0,30.05,80.2,29.4,37571,26675,8428,781,1687,24,83,76,2666235,0,0,0,"3120,1191,2193,4361,11562,13155,1989,0,0,0,0,0,0,0,0,0,0,0,0,0,0,0,0,0","132,239,355,2006,5705,32929,35320,0,0,0,0,0,0,0,0,0,0,0,0,0,0,0,0,0"
grid10_M3_r-0.6_s42/apex.mvh,maya_lin_flatT,2,True,1602,9499,28507,9643,0.0673,1.6,42.7,15.1,6.1,1.6,3.9,0.4,673877,80353,420744,10384675,57678,19008,6395,31320,38971,0,0,0,30.05,80.2,29.4,37571,26675,8428,781,1687,23,63,76,2666235,0,0,0,"3120,1191,2193,4361,11562,13155,1989,0,0,0,0,0,0,0,0,0,0,0,0,0,0,0,0,0","132,239,355,2006,5705,32929,35320,0,0,0,0,0,0,0,0,0,0,0,0,0,0,0,0,0"
grid10_M3_r-0.6_s42/apex.mvh,maya_roi_h0,2,True,1602,9499,28507,9643,0.0803,1.6,38.9,26.4,4.6,1.2,3.2,8.6,162278,35306,420744,1780938,57678,19008,6395,31320,38971,0,71648,577110,30.05,80.2,29.4,37571,26675,8428,781,1687,24,83,76,1173333,0,0,0,"3120,1191,2193,4361,11562,13155,1989,0,0,0,0,0,0,0,0,0,0,0,0,0,0,0,0,0","132,239,355,2006,5705,32929,35320,0,0,0,0,0,0,0,0,0,0,0,0,0,0,0,0,0"
grid10_M3_r-0.6_s42/apex.mvh,maya_roi_h16,2,True,1602,9499,28507,9643,0.0815,1.6,39.9,25.8,4.6,1.2,3.2,9.1,162278,35306,420744,1829139,57678,19008,6395,31320,38971,0,47459,548729,30.05,80.2,29.4,37571,26675,8428,781,1687,24,83,76,1213787,0,0,0,"3120,1191,2193,4361,11562,13155,1989,0,0,0,0,0,0,0,0,0,0,0,0,0,0,0,0,0","132,239,355,2006,5705,32929,35320,0,0,0,0,0,0,0,0,0,0,0,0,0,0,0,0,0"
grid10_M3_r-0.6_s42/apex.mvh,maya_roi_h64,2,True,1602,9499,28507,9643,0.0873,1.5,40.5,24.2,4.4,1.1,3.1,7.2,162278,35306,420744,2039561,57678,19008,6395,31320,38971,0,22882,417256,30.05,80.2,29.4,37571,26675,8428,781,1687,24,83,76,1390726,0,0,0,"3120,1191,2193,4361,11562,13155,1989,0,0,0,0,0,0,0,0,0,0,0,0,0,0,0,0,0","132,239,355,2006,5705,32929,35320,0,0,0,0,0,0,0,0,0,0,0,0,0,0,0,0,0"
grid10_M3_r-0.6_s42/apex.mvh,maya_roi_h256,2,True,1602,9499,28507,9643,0.0960,1.4,47.5,21.6,4.2,1.1,2.9,6.4,162278,35306,420744,2672180,57678,19008,6395,31320,38971,0,6328,189560,30.05,80.2,29.4,37571,26675,8428,781,1687,24,83,76,1936420,0,0,0,"3120,1191,2193,4361,11562,13155,1989,0,0,0,0,0,0,0,0,0,0,0,0,0,0,0,0,0","132,239,355,2006,5705,32929,35320,0,0,0,0,0,0,0,0,0,0,0,0,0,0,0,0,0"
grid10_M3_r-0.6_s42/apex.mvh,maya_roi_h1024,2,True,1602,9499,28507,9643,0.1178,1.2,51.8,18.1,3.8,1.0,2.7,2.5,162278,35306,420744,3417627,57678,19008,6395,31320,38971,0,385,18953,30.05,80.2,29.4,37571,26675,8428,781,1687,24,83,76,2599069,0,0,0,"3120,1191,2193,4361,11562,13155,1989,0,0,0,0,0,0,0,0,0,0,0,0,0,0,0,0,0","132,239,355,2006,5705,32929,35320,0,0,0,0,0,0,0,0,0,0,0,0,0,0,0,0,0"
grid10_M3_r-0.6_s42/apex.mvh,maya_roi_B4,2,True,1602,9499,28507,9643,0.0937,1.5,39.7,27.4,4.3,1.1,3.2,9.7,162278,35306,420744,1904155,57678,19008,6395,31320,38971,0,71648,732816,30.05,80.2,29.4,37571,26675,8428,781,1687,24,83,76,1238492,0,0,0,"3120,1191,2193,4361,11562,13155,1989,0,0,0,0,0,0,0,0,0,0,0,0,0,0,0,0,0","132,239,355,2006,5705,32929,35320,0,0,0,0,0,0,0,0,0,0,0,0,0,0,0,0,0"
grid10_M3_r-0.6_s42/apex.mvh,maya_roi_B16,2,True,1602,9499,28507,9643,0.0790,1.7,38.9,24.8,5.1,1.3,3.4,7.7,162278,35306,420744,1745211,57678,19008,6395,31320,38971,0,71648,407678,30.05,80.2,29.4,37571,26675,8428,781,1687,24,83,76,1155378,0,0,0,"3120,1191,2193,4361,11562,13155,1989,0,0,0,0,0,0,0,0,0,0,0,0,0,0,0,0,0","132,239,355,2006,5705,32929,35320,0,0,0,0,0,0,0,0,0,0,0,0,0,0,0,0,0"
grid10_M3_r-0.6_s42/apex.mvh,maya_roi_B32,2,True,1602,9499,28507,9643,0.1278,1.4,36.3,22.4,4.7,1.3,3.4,4.8,162278,35306,420744,1832291,57678,19008,6395,31320,38971,0,71648,268928,30.05,80.2,29.4,37571,26675,8428,781,1687,24,83,76,1226056,0,0,0,"3120,1191,2193,4361,11562,13155,1989,0,0,0,0,0,0,0,0,0,0,0,0,0,0,0,0,0","132,239,355,2006,5705,32929,35320,0,0,0,0,0,0,0,0,0,0,0,0,0,0,0,0,0"
grid10_M3_r-0.6_s42/apex.mvh,maya_roi_id_h64,2,True,1602,9499,28507,9643,0.1135,1.5,38.9,24.7,4.6,1.2,3.3,9.0,162278,35306,420744,1823644,57678,19008,6395,31320,38971,25836,20232,414208,30.05,80.2,29.4,37571,26675,8428,781,1687,24,83,76,1213226,0,0,0,"3120,1191,2193,4361,11562,13155,1989,0,0,0,0,0,0,0,0,0,0,0,0,0,0,0,0,0","132,239,355,2006,5705,32929,35320,0,0,0,0,0,0,0,0,0,0,0,0,0,0,0,0,0"
grid10_M3_r-0.6_s42/apex.mvh,maya_lexBU_h64,2,True,1602,9499,28507,9643,0.1175,1.4,44.8,21.1,4.3,1.1,3.1,0.8,162278,35306,420744,2396901,57678,19008,6810,30905,38971,25862,19828,276916,29.66,80.2,29.4,37571,26675,8428,781,1687,24,83,76,1806185,0,0,0,"3120,1191,2193,4361,11562,13155,1989,0,0,0,0,0,0,0,0,0,0,0,0,0,0,0,0,0","132,239,355,2006,5705,32929,35320,0,0,0,0,0,0,0,0,0,0,0,0,0,0,0,0,0"
grid10_M3_r-0.6_s42/apex.mvh,lf_lin,2,True,1602,9499,28507,9643,0.0919,1.8,30.1,24.3,10.6,2.7,3.8,0.5,233049,35306,917044,1820726,26984,19008,6194,22312,17486,0,0,0,23.80,92.5,28.6,67177,34449,28923,1771,2034,24,83,75,1348404,0,0,0,"5934,1786,2776,6396,22087,25562,2636,0,0,0,0,0,0,0,0,0,0,0,0,0,0,0,0,0","98,168,248,1399,3761,20365,19953,0,0,0,0,0,0,0,0,0,0,0,0,0,0,0,0,0"
grid10_M3_r-0.6_s42/apex.mvh,lf_lin_flatT,2,True,1602,9499,28507,9643,0.0706,1.9,21.9,18.1,14.3,3.6,4.7,0.5,755358,80353,917044,6055857,26984,19008,6194,22312,17486,0,0,0,23.80,92.5,28.6,67177,34449,28923,1771,2034,23,63,75,1348404,0,0,0,"5934,1786,2776,6396,22087,25562,2636,0,0,0,0,0,0,0,0,0,0,0,0,0,0,0,0,0","98,168,248,1399,3761,20365,19953,0,0,0,0,0,0,0,0,0,0,0,0,0,0,0,0,0"
grid10_M3_r-0.6_s42/apex.mvh,lf_roi_h0,2,True,1602,9499,28507,9643,0.0924,1.8,25.4,29.8,10.2,2.5,3.6,9.9,233049,35306,917044,1197447,26984,19008,6194,22312,17486,0,42470,402338,23.80,92.5,28.6,67177,34449,28923,1771,2034,24,83,75,804323,0,0,0,"5934,1786,2776,6396,22087,25562,2636,0,0,0,0,0,0,0,0,0,0,0,0,0,0,0,0,0","98,168,248,1399,3761,20365,19953,0,0,0,0,0,0,0,0,0,0,0,0,0,0,0,0,0"
grid10_M3_r-0.6_s42/apex.mvh,lf_roi_h16,2,True,1602,9499,28507,9643,0.0882,1.8,24.7,30.8,10.2,2.6,3.6,9.4,233049,35306,917044,1200976,26984,19008,6194,22312,17486,0,29540,385804,23.80,92.5,28.6,67177,34449,28923,1771,2034,24,83,75,808094,0,0,0,"5934,1786,2776,6396,22087,25562,2636,0,0,0,0,0,0,0,0,0,0,0,0,0,0,0,0,0","98,168,248,1399,3761,20365,19953,0,0,0,0,0,0,0,0,0,0,0,0,0,0,0,0,0"
grid10_M3_r-0.6_s42/apex.mvh,lf_roi_h64,2,True,1602,9499,28507,9643,0.1019,1.7,23.0,28.7,10.7,2.7,3.7,6.9,233049,35306,917044,1247813,26984,19008,6194,22312,17486,0,15046,298774,23.80,92.5,28.6,67177,34449,28923,1771,2034,24,83,75,845611,0,0,0,"5934,1786,2776,6396,22087,25562,2636,0,0,0,0,0,0,0,0,0,0,0,0,0,0,0,0,0","98,168,248,1399,3761,20365,19953,0,0,0,0,0,0,0,0,0,0,0,0,0,0,0,0,0"
grid10_M3_r-0.6_s42/apex.mvh,lf_roi_h256,2,True,1602,9499,28507,9643,0.1407,1.5,24.6,27.2,9.8,2.4,3.6,7.0,233049,35306,917044,1465275,26984,19008,6194,22312,17486,0,4762,151840,23.80,92.5,28.6,67177,34449,28923,1771,2034,24,83,75,1042142,0,0,0,"5934,1786,2776,6396,22087,25562,2636,0,0,0,0,0,0,0,0,0,0,0,0,0,0,0,0,0","98,168,248,1399,3761,20365,19953,0,0,0,0,0,0,0,0,0,0,0,0,0,0,0,0,0"
grid10_M3_r-0.6_s42/apex.mvh,lf_roi_h1024,2,True,1602,9499,28507,9643,0.1418,1.6,27.3,24.4,9.9,2.3,3.5,3.2,233049,35306,917044,1785848,26984,19008,6194,22312,17486,0,296,15506,23.80,92.5,28.6,67177,34449,28923,1771,2034,24,83,75,1321307,0,0,0,"5934,1786,2776,6396,22087,25562,2636,0,0,0,0,0,0,0,0,0,0,0,0,0,0,0,0,0","98,168,248,1399,3761,20365,19953,0,0,0,0,0,0,0,0,0,0,0,0,0,0,0,0,0"
grid10_M3_r-0.6_s42/apex.mvh,lf_roi_B4,2,True,1602,9499,28507,9643,0.1469,1.6,23.5,32.1,9.3,2.3,3.3,8.9,233049,35306,917044,1292135,26984,19008,6194,22312,17486,0,42470,512550,23.80,92.5,28.6,67177,34449,28923,1771,2034,24,83,75,857497,0,0,0,"5934,1786,2776,6396,22087,25562,2636,0,0,0,0,0,0,0,0,0,0,0,0,0,0,0,0,0","98,168,248,1399,3761,20365,19953,0,0,0,0,0,0,0,0,0,0,0,0,0,0,0,0,0"
grid10_M3_r-0.6_s42/apex.mvh,lf_roi_B16,2,True,1602,9499,28507,9643,0.1282,1.7,22.2,27.6,10.6,2.5,3.7,7.2,233049,35306,917044,1141443,26984,19008,6194,22312,17486,0,42470,282346,23.80,92.5,28.6,67177,34449,28923,1771,2034,24,83,75,766946,0,0,0,"5934,1786,2776,6396,22087,25562,2636,0,0,0,0,0,0,0,0,0,0,0,0,0,0,0,0,0","98,168,248,1399,3761,20365,19953,0,0,0,0,0,0,0,0,0,0,0,0,0,0,0,0,0"
grid10_M3_r-0.6_s42/apex.mvh,lf_roi_B32,2,True,1602,9499,28507,9643,0.1271,1.8,22.4,26.7,10.6,2.5,3.7,6.4,233049,35306,917044,1146565,26984,19008,6194,22312,17486,0,42470,185394,23.80,92.5,28.6,67177,34449,28923,1771,2034,24,83,75,770724,0,0,0,"5934,1786,2776,6396,22087,25562,2636,0,0,0,0,0,0,0,0,0,0,0,0,0,0,0,0,0","98,168,248,1399,3761,20365,19953,0,0,0,0,0,0,0,0,0,0,0,0,0,0,0,0,0"
grid10_M3_r-0.6_s42/apex.mvh,lf_roi_id_h64,2,True,1602,9499,28507,9643,0.1235,1.7,23.8,29.0,10.2,2.5,3.6,9.5,233049,35306,917044,1186047,26984,19008,6194,22312,17486,10701,13173,296503,23.80,92.5,28.6,67177,34449,28923,1771,2034,24,83,75,796822,0,0,0,"5934,1786,2776,6396,22087,25562,2636,0,0,0,0,0,0,0,0,0,0,0,0,0,0,0,0,0","98,168,248,1399,3761,20365,19953,0,0,0,0,0,0,0,0,0,0,0,0,0,0,0,0,0"
grid10_M3_r-0.6_s42/apex.mvh,lf_lexBU_h64,2,True,1602,9499,28507,9643,0.1305,1.8,24.2,26.2,10.6,2.6,3.7,1.1,233049,35306,917044,1382608,26984,19008,6578,21928,17486,10727,12795,150590,23.43,92.5,28.6,67177,34449,28923,1771,2034,24,83,75,1033291,0,0,0,"5934,1786,2776,6396,22087,25562,2636,0,0,0,0,0,0,0,0,0,0,0,0,0,0,0,0,0","98,168,248,1399,3761,20365,19953,0,0,0,0,0,0,0,0,0,0,0,0,0,0,0,0,0"
grid8_M6_r0.0_s42/apex5.mvh,maya_lin,0,True,9412,32318,43645,4391,1.0047,1.6,71.4,8.2,4.9,1.5,5.4,0.3,1515523,475438,3022495,47175303,160050,11327,18949,30049,122379,0,0,0,40.86,111.0,1368.9,76925,68867,4786,568,2704,33,174,57,12068611,0,0,0,"1410,273,689,1114,1614,2524,4124,6273,9687,14775,16661,13445,4336,0,0,0,0,0,0,0,0,0,0,0","102,98,163,154,245,556,1150,1442,5520,15475,33463,76000,37009,0,0,0,0,0,0,0,0,0,0,0"
grid8_M6_r0.0_s42/apex5.mvh,maya_lin_flatT,0,True,9412,32318,43645,4391,1.2679,8.4,62.3,10.6,6.1,0.9,6.9,0.2,79142132,13575819,3022495,306041051,160050,11327,18949,30049,122379,0,0,0,40.86,111.0,1368.9,76925,68867,4786,568,2704,32,144,57,12068611,0,0,0,"1410,273,689,1114,1614,2524,4124,6273,9687,14775,16661,13445,4336,0,0,0,0,0,0,0,0,0,0,0","102,98,163,154,245,556,1150,1442,5520,15475,33463,76000,37009,0,0,0,0,0,0,0,0,0,0,0"
grid8_M6_r0.0_s42/apex5.mvh,maya_roi_h0,0,True,9412,32318,43645,4391,0.6489,2.0,57.0,19.8,5.5,1.6,6.4,7.9,1515523,475438,3022495,21580881,160050,11327,18949,30049,122379,0,155652,1386698,40.86,111.0,1368.9,76925,68867,4786,568,2704,33,174,57,2724498,0,0,0,"1410,273,689,1114,1614,2524,4124,6273,9687,14775,16661,13445,4336,0,0,0,0,0,0,0,0,0,0,0","102,98,163,154,245,556,1150,1442,5520,15475,33463,76000,37009,0,0,0,0,0,0,0,0,0,0,0"
grid8_M6_r0.0_s42/apex5.mvh,maya_roi_h16,0,True,9412,32318,43645,4391,0.6147,2.0,56.1,19.7,5.7,1.7,6.8,6.6,1515523,475438,3022495,21902861,160050,11327,18949,30049,122379,0,84858,1307490,40.86,111.0,1368.9,76925,68867,4786,568,2704,33,174,57,2897425,0,0,0,"1410,273,689,1114,1614,2524,4124,6273,9687,14775,16661,13445,4336,0,0,0,0,0,0,0,0,0,0,0","102,98,163,154,245,556,1150,1442,5520,15475,33463,76000,37009,0,0,0,0,0,0,0,0,0,0,0"
grid8_M6_r0.0_s42/apex5.mvh,maya_roi_h64,0,True,9412,32318,43645,4391,0.6109,2.0,57.3,19.1,5.8,1.7,6.5,7.0,1515523,475438,3022495,23675067,160050,11327,18949,30049,122379,0,45845,1199789,40.86,111.0,1368.9,76925,68867,4786,568,2704,33,174,57,3509329,0,0,0,"1410,273,689,1114,1614,2524,4124,6273,9687,14775,16661,13445,4336,0,0,0,0,0,0,0,0,0,0,0","102,98,163,154,245,556,1150,1442,5520,15475,33463,76000,37009,0,0,0,0,0,0,0,0,0,0,0"
grid8_M6_r0.0_s42/apex5.mvh,maya_roi_h256,0,True,9412,32318,43645,4391,0.6870,1.9,61.7,15.9,5.4,1.6,6.2,6.1,1515523,475438,3022495,30188827,160050,11327,18949,30049,122379,0,13903,878471,40.86,111.0,1368.9,76925,68867,4786,568,2704,33,174,57,5825168,0,0,0,"1410,273,689,1114,1614,2524,4124,6273,9687,14775,16661,13445,4336,0,0,0,0,0,0,0,0,0,0,0","102,98,163,154,245,556,1150,1442,5520,15475,33463,76000,37009,0,0,0,0,0,0,0,0,0,0,0"
grid8_M6_r0.0_s42/apex5.mvh,maya_roi_h1024,0,True,9412,32318,43645,4391,0.7627,1.7,66.7,12.8,5.0,1.4,5.6,6.1,1515523,475438,3022495,36970265,160050,11327,18949,30049,122379,0,3253,470341,40.86,111.0,1368.9,76925,68867,4786,568,2704,33,174,57,8597335,0,0,0,"1410,273,689,1114,1614,2524,4124,6273,9687,14775,16661,13445,4336,0,0,0,0,0,0,0,0,0,0,0","102,98,163,154,245,556,1150,1442,5520,15475,33463,76000,37009,0,0,0,0,0,0,0,0,0,0,0"
grid8_M6_r0.0_s42/apex5.mvh,maya_roi_B4,0,True,9412,32318,43645,4391,0.6550,1.9,56.6,21.0,5.4,1.6,6.1,7.6,1515523,475438,3022495,23229359,160050,11327,18949,30049,122379,0,155652,1723816,40.86,111.0,1368.9,76925,68867,4786,568,2704,33,174,57,2819909,0,0,0,"1410,273,689,1114,1614,2524,4124,6273,9687,14775,16661,13445,4336,0,0,0,0,0,0,0,0,0,0,0","102,98,163,154,245,556,1150,1442,5520,15475,33463,76000,37009,0,0,0,0,0,0,0,0,0,0,0"
grid8_M6_r0.0_s42/apex5.mvh,maya_roi_B16,0,True,9412,32318,43645,4391,0.7063,2.1,55.1,18.3,6.3,1.8,7.2,5.5,1515523,475438,3022495,21172563,160050,11327,18949,30049,122379,0,155652,1050124,40.86,111.0,1368.9,76925,68867,4786,568,2704,33,174,57,2791443,0,0,0,"1410,273,689,1114,1614,2524,4124,6273,9687,14775,16661,13445,4336,0,0,0,0,0,0,0,0,0,0,0","102,98,163,154,245,556,1150,1442,5520,15475,33463,76000,37009,0,0,0,0,0,0,0,0,0,0,0"
grid8_M6_r0.0_s42/apex5.mvh,maya_roi_B32,0,True,9412,32318,43645,4391,0.6830,2.2,55.5,16.4,6.5,2.0,7.6,5.3,1515523,475438,3022495,22368582,160050,11327,18949,30049,122379,0,155652,753804,40.86,111.0,1368.9,76925,68867,4786,568,2704,33,174,57,3146603,0,0,0,"1410,273,689,1114,1614,2524,4124,6273,9687,14775,16661,13445,4336,0,0,0,0,0,0,0,0,0,0,0","102,98,163,154,245,556,1150,1442,5520,15475,33463,76000,37009,0,0,0,0,0,0,0,0,0,0,0"
grid8_M6_r0.0_s42/apex5.mvh,maya_roi_id_h64,0,True,9412,32318,43645,4391,0.6528,1.9,57.4,19.6,5.5,1.7,6.3,9.1,1515523,475438,3022495,21900594,160050,11327,18949,30049,122379,80482,37557,1191213,40.86,111.0,1368.9,76925,68867,4786,568,2704,33,174,57,2789981,0,0,0,"1410,273,689,1114,1614,2524,4124,6273,9687,14775,16661,13445,4336,0,0,0,0,0,0,0,0,0,0,0","102,98,163,154,245,556,1150,1442,5520,15475,33463,76000,37009,0,0,0,0,0,0,0,0,0,0,0"
grid8_M6_r0.0_s42/apex5.mvh,maya_lexBU_h64,0,True,9412,32318,43645,4391,0.7303,1.6,70.3,11.1,4.4,1.3,5.0,0.7,1515523,475438,3022495,38289277,160050,11327,19240,29758,122379,80481,36945,1535016,40.59,111.0,1368.9,76925,68867,4786,568,2704,33,174,57,6404575,0,0,0,"1410,273,689,1114,1614,2524,4124,6273,9687,14775,16661,13445,4336,0,0,0,0,0,0,0,0,0,0,0","102,98,163,154,245,556,1150,1442,5520,15475,33463,76000,37009,0,0,0,0,0,0,0,0,0,0,0"
grid8_M6_r0.0_s42/apex5.mvh,lf_lin,0,True,9412,32318,43645,4391,0.2868,3.6,31.7,19.8,17.2,3.3,11.5,0.5,2172543,475438,3276295,12141386,62561,11327,18841,24803,30244,0,0,0,15.55,97.3,1241.2,192368,91786,97364,125,3093,33,174,55,2436914,0,0,0,"13761,707,1232,1947,3276,6220,10589,18366,27154,41566,40287,21344,5919,0,0,0,0,0,0,0,0,0,0,0","76,69,112,104,164,385,761,890,3163,8429,16057,31496,12182,0,0,0,0,0,0,0,0,0,0,0"
grid8_M6_r0.0_s42/apex5.mvh,lf_lin_flatT,0,True,9412,32318,43645,4391,0.6448,13.0,32.7,17.0,18.7,1.5,10.5,0.2,81534628,13575819,3276295,144218077,62561,11327,18841,24803,30244,0,0,0,15.55,97.3,1241.2,192368,91786,97364,125,3093,32,144,55,2436914,0,0,0,"13761,707,1232,1947,3276,6220,10589,18366,27154,41566,40287,21344,5919,0,0,0,0,0,0,0,0,0,0,0","76,69,112,104,164,385,761,890,3163,8429,16057,31496,12182,0,0,0,0,0,0,0,0,0,0,0"
grid8_M6_r0.0_s42/apex5.mvh,lf_roi_h0,0,True,9412,32318,43645,4391,0.3948,2.7,35.9,27.1,13.2,2.6,8.7,8.1,2172543,475438,3276295,12396097,62561,11327,18841,24803,30244,0,63382,745722,15.55,97.3,1241.2,192368,91786,97364,125,3093,33,174,55,1522948,0,0,0,"13761,707,1232,1947,3276,6220,10589,18366,27154,41566,40287,21344,5919,0,0,0,0,0,0,0,0,0,0,0","76,69,112,104,164,385,761,890,3163,8429,16057,31496,12182,0,0,0,0,0,0,0,0,0,0,0"
grid8_M6_r0.0_s42/apex5.mvh,lf_roi_h16,0,True,9412,32318,43645,4391,0.3894,2.7,35.4,27.2,13.3,2.6,8.8,8.2,2172543,475438,3276295,12219117,62561,11327,18841,24803,30244,0,27134,701610,15.55,97.3,1241.2,192368,91786,97364,125,3093,33,174,55,1539586,0,0,0,"13761,707,1232,1947,3276,6220,10589,18366,27154,41566,40287,21344,5919,0,0,0,0,0,0,0,0,0,0,0","76,69,112,104,164,385,761,890,3163,8429,16057,31496,12182,0,0,0,0,0,0,0,0,0,0,0"
grid8_M6_r0.0_s42/apex5.mvh,lf_roi_h64,0,True,9412,32318,43645,4391,0.4090,2.8,35.0,27.5,13.3,2.6,8.8,8.1,2172543,475438,3276295,12145126,62561,11327,18841,24803,30244,0,16725,654285,15.55,97.3,1241.2,192368,91786,97364,125,3093,33,174,55,1576982,0,0,0,"13761,707,1232,1947,3276,6220,10589,18366,27154,41566,40287,21344,5919,0,0,0,0,0,0,0,0,0,0,0","76,69,112,104,164,385,761,890,3163,8429,16057,31496,12182,0,0,0,0,0,0,0,0,0,0,0"
grid8_M6_r0.0_s42/apex5.mvh,lf_roi_h256,0,True,9412,32318,43645,4391,0.3658,2.9,35.3,25.9,13.7,2.6,9.3,9.0,2172543,475438,3276295,11775148,62561,11327,18841,24803,30244,0,5482,472028,15.55,97.3,1241.2,192368,91786,97364,125,3093,33,174,55,1701119,0,0,0,"13761,707,1232,1947,3276,6220,10589,18366,27154,41566,40287,21344,5919,0,0,0,0,0,0,0,0,0,0,0","76,69,112,104,164,385,761,890,3163,8429,16057,31496,12182,0,0,0,0,0,0,0,0,0,0,0"
grid8_M6_r0.0_s42/apex5.mvh,lf_roi_h1024,0,True,9412,32318,43645,4391,0.3745,3.2,33.8,24.4,14.9,2.9,9.9,8.9,2172543,475438,3276295,11893697,62561,11327,18841,24803,30244,0,1137,244749,15.55,97.3,1241.2,192368,91786,97364,125,3093,33,174,55,2041273,0,0,0,"13761,707,1232,1947,3276,6220,10589,18366,27154,41566,40287,21344,5919,0,0,0,0,0,0,0,0,0,0,0","76,69,112,104,164,385,761,890,3163,8429,16057,31496,12182,0,0,0,0,0,0,0,0,0,0,0"
grid8_M6_r0.0_s42/apex5.mvh,lf_roi_B4,0,True,9412,32318,43645,4391,0.4469,2.5,38.3,28.1,11.9,2.3,7.9,9.3,2172543,475438,3276295,13870136,62561,11327,18841,24803,30244,0,63382,971196,15.55,97.3,1241.2,192368,91786,97364,125,3093,33,174,55,1625084,0,0,0,"13761,707,1232,1947,3276,6220,10589,18366,27154,41566,40287,21344,5919,0,0,0,0,0,0,0,0,0,0,0","76,69,112,104,164,385,761,890,3163,8429,16057,31496,12182,0,0,0,0,0,0,0,0,0,0,0"
grid8_M6_r0.0_s42/apex5.mvh,lf_roi_B16,0,True,9412,32318,43645,4391,0.3734,2.9,35.4,25.7,13.8,2.7,9.2,7.9,2172543,475438,3276295,11465202,62561,11327,18841,24803,30244,0,63382,530426,15.55,97.3,1241.2,192368,91786,97364,125,3093,33,174,55,1471282,0,0,0,"13761,707,1232,1947,3276,6220,10589,18366,27154,41566,40287,21344,5919,0,0,0,0,0,0,0,0,0,0,0","76,69,112,104,164,385,761,890,3163,8429,16057,31496,12182,0,0,0,0,0,0,0,0,0,0,0"
grid8_M6_r0.0_s42/apex5.mvh,lf_roi_B32,0,True,9412,32318,43645,4391,0.4588,2.9,33.0,23.5,15.1,2.9,10.0,6.9,2172543,475438,3276295,11098290,62561,11327,18841,24803,30244,0,63382,355338,15.55,97.3,1241.2,192368,91786,97364,125,3093,33,174,55,1488086,0,0,0,"13761,707,1232,1947,3276,6220,10589,18366,27154,41566,40287,21344,5919,0,0,0,0,0,0,0,0,0,0,0","76,69,112,104,164,385,761,890,3163,8429,16057,31496,12182,0,0,0,0,0,0,0,0,0,0,0"
grid8_M6_r0.0_s42/apex5.mvh,lf_roi_id_h64,0,True,9412,32318,43645,4391,0.5047,2.7,34.7,26.7,13.5,2.6,9.0,8.7,2172543,475438,3276295,12157860,62561,11327,18841,24803,30244,17606,15606,652878,15.55,97.3,1241.2,192368,91786,97364,125,3093,33,174,55,1483767,0,0,0,"13761,707,1232,1947,3276,6220,10589,18366,27154,41566,40287,21344,5919,0,0,0,0,0,0,0,0,0,0,0","76,69,112,104,164,385,761,890,3163,8429,16057,31496,12182,0,0,0,0,0,0,0,0,0,0,0"
grid8_M6_r0.0_s42/apex5.mvh,lf_lexBU_h64,0,True,9412,32318,43645,4391,0.4784,3.1,31.8,22.8,15.6,2.9,10.5,1.2,2172543,475438,3276295,11996732,62561,11327,19096,24548,30244,17605,15019,364143,15.33,97.3,1241.2,192368,91786,97364,125,3093,33,174,55,1863780,0,0,0,"13761,707,1232,1947,3276,6220,10589,18366,27154,41566,40287,21344,5919,0,0,0,0,0,0,0,0,0,0,0","76,69,112,104,164,385,761,890,3163,8429,16057,31496,12182,0,0,0,0,0,0,0,0,0,0,0"
grid8_M6_r0.0_s42/apex5.mvh,maya_lin,1,True,9412,32318,43645,4391,0.9310,1.7,70.5,8.3,5.1,1.5,5.7,0.3,1515523,475438,3022495,47175303,160050,11327,18949,30049,122379,0,0,0,40.86,111.0,1368.9,76925,68867,4786,568,2704,33,174,57,12068611,0,0,0,"1410,273,689,1114,1614,2524,4124,6273,9687,14775,16661,13445,4336,0,0,0,0,0,0,0,0,0,0,0","102,98,163,154,245,556,1150,1442,5520,15475,33463,76000,37009,0,0,0,0,0,0,0,0,0,0,0"
grid8_M6_r0.0_s42/apex5.mvh,maya_lin_flatT,1,True,9412,32318,43645,4391,1.4923,8.1,61.9,10.6,6.2,0.9,6.9,0.2,79142132,13575819,3022495,306041051,160050,11327,18949,30049,122379,0,0,0,40.86,111.0,1368.9,76925,68867,4786,568,2704,32,144,57,12068611,0,0,0,"1410,273,689,1114,1614,2524,4124,6273,9687,14775,16661,13445,4336,0,0,0,0,0,0,0,0,0,0,0","102,98,163,154,245,556,1150,1442,5520,15475,33463,76000,37009,0,0,0,0,0,0,0,0,0,0,0"
grid8_M6_r0.0_s42/apex5.mvh,maya_roi_h0,1,True,9412,32318,43645,4391,0.6596,2.0,54.5,19.9,6.0,1.8,7.0,6.4,1515523,475438,3022495,21580881,160050,11327,18949,30049,122379,0,155652,1386698,40.86,111.0,1368.9,76925,68867,4786,568,2704,33,174,57,2724498,0,0,0,"1410,273,689,1114,1614,2524,4124,6273,9687,14775,16661,13445,4336,0,0,0,0,0,0,0,0,0,0,0","102,98,163,154,245,556,1150,1442,5520,15475,33463,76000,37009,0,0,0,0,0,0,0,0,0,0,0"
grid8_M6_r0.0_s42/apex5.mvh,maya_roi_h16,1,True,9412,32318,43645,4391,0.6913,2.0,56.4,19.3,5.7,1.7,6.6,7.9,1515523,475438,3022495,21902861,160050,11327,18949,30049,122379,0,84858,1307490,40.86,111.0,1368.9,76925,68867,4786,568,2704,33,174,57,2897425,0,0,0,"1410,273,689,1114,1614,2524,4124,6273,9687,14775,16661,13445,4336,0,0,0,0,0,0,0,0,0,0,0","102,98,163,154,245,556,1150,1442,5520,15475,33463,76000,37009,0,0,0,0,0,0,0,0,0,0,0"
grid8_M6_r0.0_s42/apex5.mvh,maya_roi_h64,1,True,9412,32318,43645,4391,0.7053,1.9,57.1,19.1,5.6,1.7,6.5,6.7,1515523,475438,3022495,23675067,160050,11327,18949,30049,122379,0,45845,1199789,40.86,111.0,1368.9,76925,68867,4786,568,2704,33,174,57,3509329,0,0,0,"1410,273,689,1114,1614,2524,4124,6273,9687,14775,16661,13445,4336,0,0,0,0,0,0,0,0,0,0,0","102,98,163,154,245,556,1150,1442,5520,15475,33463,76000,37009,0,0,0,0,0,0,0,0,0,0,0"
grid8_M6_r0.0_s42/apex5.mvh,maya_roi_h256,1,True,9412,32318,43645,4391,0.7237,1.9,61.8,16.0,5.3,1.5,6.0,6.6,1515523,475438,3022495,30188827,160050,11327,18949,30049,122379,0,13903,878471,40.86,111.0,1368.9,76925,68867,4786,568,2704,33,174,57,5825168,0,0,0,"1410,273,689,1114,1614,2524,4124,6273,9687,14775,16661,13445,4336,0,0,0,0,0,0,0,0,0,0,0","102,98,163,154,245,556,1150,1442,5520,15475,33463,76000,37009,0,0,0,0,0,0,0,0,0,0,0"
grid8_M6_r0.0_s42/apex5.mvh,maya_roi_h1024,1,True,9412,32318,43645,4391,0.8857,1.6,66.0,12.9,5.1,1.4,5.6,6.5,1515523,475438,3022495,36970265,160050,11327,18949,30049,122379,0,3253,470341,40.86,111.0,1368.9,76925,68867,4786,568,2704,33,174,57,8597335,0,0,0,"1410,273,689,1114,1614,2524,4124,6273,9687,14775,16661,13445,4336,0,0,0,0,0,0,0,0,0,0,0","102,98,163,154,245,556,1150,1442,5520,15475,33463,76000,37009,0,0,0,0,0,0,0,0,0,0,0"
grid8_M6_r0.0_s42/apex5.mvh,maya_roi_B4,1,True,9412,32318,43645,4391,0.7374,1.9,55.2,20.5,5.4,1.6,6.1,7.5,1515523,475438,3022495,23229359,160050,11327,18949,30049,122379,0,155652,1723816,40.86,111.0,1368.9,76925,68867,4786,568,2704,33,174,57,2819909,0,0,0,"1410,273,689,1114,1614,2524,4124,6273,9687,14775,16661,13445,4336,0,0,0,0,0,0,0,0,0,0,0","102,98,163,154,245,556,1150,1442,5520,15475,33463,76000,37009,0,0,0,0,0,0,0,0,0,0,0"
grid8_M6_r0.0_s42/apex5.mvh,maya_roi_B16,1,True,9412,32318,43645,4391,0.5564,2.1,56.7,18.2,6.0,1.8,7.0,7.0,1515523,475438,3022495,21172563,160050,11327,18949,30049,122379,0,155652,1050124,40.86,111.0,1368.9,76925,68867,4786,568,2704,33,174,57,2791443,0,0,0,"1410,273,689,1114,1614,2524,4124,6273,9687,14775,16661,13445,4336,0,0,0,0,0,0,0,0,0,0,0","102,98,163,154,245,556,1150,1442,5520,15475,33463,76000,37009,0,0,0,0,0,0,0,0,0,0,0"
grid8_M6_r0.0_s42/apex5.mvh,maya_roi_B32,1,True,9412,32318,43645,4391,0.5490,2.2,58.4,16.5,6.0,1.8,6.9,6.7,1515523,475438,3022495,22368582,160050,11327,18949,30049,122379,0,155652,753804,40.86,111.0,1368.9,76925,68867,4786,568,2704,33,174,57,3146603,0,0,0,"1410,273,689,1114,1614,2524,4124,6273,9687,14775,16661,13445,4336,0,0,0,0,0,0,0,0,0,0,0","102,98,163,154,245,556,1150,1442,5520,15475,33463,76000,37009,0,0,0,0,0,0,0,0,0,0,0"
grid8_M6_r0.0_s42/apex5.mvh,maya_roi_id_h64,1,True,9412,32318,43645,4391,0.5474,2.0,56.3,20.1,5.7,1.7,6.5,7.4,1515523,475438,3022495,21900594,160050,11327,18949,30049,122379,80482,37557,1191213,40.86,111.0,1368.9,76925,68867,4786,568,2704,33,174,57,2789981,0,0,0,"1410,273,689,1114,1614,2524,4124,6273,9687,14775,16661,13445,4336,0,0,0,0,0,0,0,0,0,0,0","102,98,163,154,245,556,1150,1442,5520,15475,33463,76000,37009,0,0,0,0,0,0,0,0,0,0,0"
grid8_M6_r0.0_s42/apex5.mvh,maya_lexBU_h64,1,True,9412,32318,43645,4391,0.7074,1.6,70.2,11.1,4.5,1.3,5.1,0.8,1515523,475438,3022495,38289277,160050,11327,19240,29758,122379,80481,36945,1535016,40.59,111.0,1368.9,76925,68867,4786,568,2704,33,174,57,6404575,0,0,0,"1410,273,689,1114,1614,2524,4124,6273,9687,14775,16661,13445,4336,0,0,0,0,0,0,0,0,0,0,0","102,98,163,154,245,556,1150,1442,5520,15475,33463,76000,37009,0,0,0,0,0,0,0,0,0,0,0"
grid8_M6_r0.0_s42/apex5.mvh,lf_lin,1,True,9412,32318,43645,4391,0.2946,3.7,32.0,20.1,17.2,3.3,11.4,0.7,2172543,475438,3276295,12141386,62561,11327,18841,24803,30244,0,0,0,15.55,97.3,1241.2,192368,91786,97364,125,3093,33,174,55,2436914,0,0,0,"13761,707,1232,1947,3276,6220,10589,18366,27154,41566,40287,21344,5919,0,0,0,0,0,0,0,0,0,0,0","76,69,112,104,164,385,761,890,3163,8429,16057,31496,12182,0,0,0,0,0,0,0,0,0,0,0"
grid8_M6_r0.0_s42/apex5.mvh,lf_lin_flatT,1,True,9412,32318,43645,4391,0.6954,13.0,32.8,16.9,18.8,1.6,10.6,0.3,81534628,13575819,3276295,144218077,62561,11327,18841,24803,30244,0,0,0,15.55,97.3,1241.2,192368,91786,97364,125,3093,32,144,55,2436914,0,0,0,"13761,707,1232,1947,3276,6220,10589,18366,27154,41566,40287,21344,5919,0,0,0,0,0,0,0,0,0,0,0","76,69,112,104,164,385,761,890,3163,8429,16057,31496,12182,0,0,0,0,0,0,0,0,0,0,0"
grid8_M6_r0.0_s42/apex5.mvh,lf_roi_h0,1,True,9412,32318,43645,4391,0.3997,2.7,36.8,27.2,12.9,2.5,8.5,8.6,2172543,475438,3276295,12396097,62561,11327,18841,24803,30244,0,63382,745722,15.55,97.3,1241.2,192368,91786,97364,125,3093,33,174,55,1522948,0,0,0,"13761,707,1232,1947,3276,6220,10589,18366,27154,41566,40287,21344,5919,0,0,0,0,0,0,0,0,0,0,0","76,69,112,104,164,385,761,890,3163,8429,16057,31496,12182,0,0,0,0,0,0,0,0,0,0,0"
grid8_M6_r0.0_s42/apex5.mvh,lf_roi_h16,1,True,9412,32318,43645,4391,0.3984,2.7,35.7,27.0,13.2,2.6,9.0,8.1,2172543,475438,3276295,12219117,62561,11327,18841,24803,30244,0,27134,701610,15.55,97.3,1241.2,192368,91786,97364,125,3093,33,174,55,1539586,0,0,0,"13761,707,1232,1947,3276,6220,10589,18366,27154,41566,40287,21344,5919,0,0,0,0,0,0,0,0,0,0,0","76,69,112,104,164,385,761,890,3163,8429,16057,31496,12182,0,0,0,0,0,0,0,0,0,0,0"
grid8_M6_r0.0_s42/apex5.mvh,lf_roi_h64,1,True,9412,32318,43645,4391,0.4133,2.8,36.0,26.7,13.2,2.6,8.7,8.9,2172543,475438,3276295,12145126,62561,11327,18841,24803,30244,0,16725,654285,15.55,97.3,1241.2,192368,91786,97364,125,3093,33,174,55,1576982,0,0,0,"13761,707,1232,1947,3276,6220,10589,18366,27154,41566,40287,21344,5919,0,0,0,0,0,0,0,0,0,0,0","76,69,112,104,164,385,761,890,3163,8429,16057,31496,12182,0,0,0,0,0,0,0,0,0,0,0"
grid8_M6_r0.0_s42/apex5.mvh,lf_roi_h256,1,True,9412,32318,43645,4391,0.4397,2.9,34.1,25.1,14.3,2.8,9.4,8.3,2172543,475438,3276295,11775148,62561,11327,18841,24803,30244,0,5482,472028,15.55,97.3,1241.2,192368,91786,97364,125,3093,33,174,55,1701119,0,0,0,"13761,707,1232,1947,3276,6220,10589,18366,27154,41566,40287,21344,5919,0,0,0,0,0,0,0,0,0,0,0","76,69,112,104,164,385,761,890,3163,8429,16057,31496,12182,0,0,0,0,0,0,0,0,0,0,0"
grid8_M6_r0.0_s42/apex5.mvh,lf_roi_h1024,1,True,9412,32318,43645,4391,0.4245,3.1,34.9,24.0,14.7,2.8,9.6,9.8,2172543,475438,3276295,11893697,62561,11327,18841,24803,30244,0,1137,244749,15.55,97.3,1241.2,192368,91786,97364,125,3093,33,174,55,2041273,0,0,0,"13761,707,1232,1947,3276,6220,10589,18366,27154,41566,40287,21344,5919,0,0,0,0,0,0,0,0,0,0,0","76,69,112,104,164,385,761,890,3163,8429,16057,31496,12182,0,0,0,0,0,0,0,0,0,0,0"
grid8_M6_r0.0_s42/apex5.mvh,lf_roi_B4,1,True,9412,32318,43645,4391,0.4674,2.5,38.7,28.4,11.7,2.2,7.9,9.5,2172543,475438,3276295,13870136,62561,11327,18841,24803,30244,0,63382,971196,15.55,97.3,1241.2,192368,91786,97364,125,3093,33,174,55,1625084,0,0,0,"13761,707,1232,1947,3276,6220,10589,18366,27154,41566,40287,21344,5919,0,0,0,0,0,0,0,0,0,0,0","76,69,112,104,164,385,761,890,3163,8429,16057,31496,12182,0,0,0,0,0,0,0,0,0,0,0"
grid8_M6_r0.0_s42/apex5.mvh,lf_roi_B16,1,True,9412,32318,43645,4391,0.4540,2.9,33.1,25.3,14.9,2.9,9.7,6.2,2172543,475438,3276295,11465202,62561,11327,18841,24803,30244,0,63382,530426,15.55,97.3,1241.2,192368,91786,97364,125,3093,33,174,55,1471282,0,0,0,"13761,707,1232,1947,3276,6220,10589,18366,27154,41566,40287,21344,5919,0,0,0,0,0,0,0,0,0,0,0","76,69,112,104,164,385,761,890,3163,8429,16057,31496,12182,0,0,0,0,0,0,0,0,0,0,0"
grid8_M6_r0.0_s42/apex5.mvh,lf_roi_B32,1,True,9412,32318,43645,4391,0.4690,3.0,33.2,23.9,15.0,2.8,10.1,6.6,2172543,475438,3276295,11098290,62561,11327,18841,24803,30244,0,63382,355338,15.55,97.3,1241.2,192368,91786,97364,125,3093,33,174,55,1488086,0,0,0,"13761,707,1232,1947,3276,6220,10589,18366,27154,41566,40287,21344,5919,0,0,0,0,0,0,0,0,0,0,0","76,69,112,104,164,385,761,890,3163,8429,16057,31496,12182,0,0,0,0,0,0,0,0,0,0,0"
grid8_M6_r0.0_s42/apex5.mvh,lf_roi_id_h64,1,True,9412,32318,43645,4391,0.5397,2.6,35.5,26.7,13.1,2.5,8.9,9.1,2172543,475438,3276295,12157860,62561,11327,18841,24803,30244,17606,15606,652878,15.55,97.3,1241.2,192368,91786,97364,125,3093,33,174,55,1483767,0,0,0,"13761,707,1232,1947,3276,6220,10589,18366,27154,41566,40287,21344,5919,0,0,0,0,0,0,0,0,0,0,0","76,69,112,104,164,385,761,890,3163,8429,16057,31496,12182,0,0,0,0,0,0,0,0,0,0,0"
grid8_M6_r0.0_s42/apex5.mvh,lf_lexBU_h64,1,True,9412,32318,43645,4391,0.4178,3.3,32.5,23.1,15.7,3.0,10.4,1.1,2172543,475438,3276295,11996732,62561,11327,19096,24548,30244,17605,15019,364143,15.33,97.3,1241.2,192368,91786,97364,125,3093,33,174,55,1863780,0,0,0,"13761,707,1232,1947,3276,6220,10589,18366,27154,41566,40287,21344,5919,0,0,0,0,0,0,0,0,0,0,0","76,69,112,104,164,385,761,890,3163,8429,16057,31496,12182,0,0,0,0,0,0,0,0,0,0,0"
grid8_M6_r0.0_s42/apex5.mvh,maya_lin,2,True,9412,32318,43645,4391,0.8344,1.6,71.3,8.5,4.9,1.4,5.5,0.2,1515523,475438,3022495,47175303,160050,11327,18949,30049,122379,0,0,0,40.86,111.0,1368.9,76925,68867,4786,568,2704,33,174,57,12068611,0,0,0,"1410,273,689,1114,1614,2524,4124,6273,9687,14775,16661,13445,4336,0,0,0,0,0,0,0,0,0,0,0","102,98,163,154,245,556,1150,1442,5520,15475,33463,76000,37009,0,0,0,0,0,0,0,0,0,0,0"
grid8_M6_r0.0_s42/apex5.mvh,maya_lin_flatT,2,True,9412,32318,43645,4391,1.0688,8.4,62.2,10.8,6.1,0.9,6.9,0.2,79142132,13575819,3022495,306041051,160050,11327,18949,30049,122379,0,0,0,40.86,111.0,1368.9,76925,68867,4786,568,2704,32,144,57,12068611,0,0,0,"1410,273,689,1114,1614,2524,4124,6273,9687,14775,16661,13445,4336,0,0,0,0,0,0,0,0,0,0,0","102,98,163,154,245,556,1150,1442,5520,15475,33463,76000,37009,0,0,0,0,0,0,0,0,0,0,0"
grid8_M6_r0.0_s42/apex5.mvh,maya_roi_h0,2,True,9412,32318,43645,4391,0.5363,2.1,56.2,20.0,5.9,1.8,6.6,7.1,1515523,475438,3022495,21580881,160050,11327,18949,30049,122379,0,155652,1386698,40.86,111.0,1368.9,76925,68867,4786,568,2704,33,174,57,2724498,0,0,0,"1410,273,689,1114,1614,2524,4124,6273,9687,14775,16661,13445,4336,0,0,0,0,0,0,0,0,0,0,0","102,98,163,154,245,556,1150,1442,5520,15475,33463,76000,37009,0,0,0,0,0,0,0,0,0,0,0"
grid8_M6_r0.0_s42/apex5.mvh,maya_roi_h16,2,True,9412,32318,43645,4391,0.5374,2.0,56.9,20.0,5.6,1.7,6.4,7.4,1515523,475438,3022495,21902861,160050,11327,18949,30049,122379,0,84858,1307490,40.86,111.0,1368.9,76925,68867,4786,568,2704,33,174,57,2897425,0,0,0,"1410,273,689,1114,1614,2524,4124,6273,9687,14775,16661,13445,4336,0,0,0,0,0,0,0,0,0,0,0","102,98,163,154,245,556,1150,1442,5520,15475,33463,76000,37009,0,0,0,0,0,0,0,0,0,0,0"
grid8_M6_r0.0_s42/apex5.mvh,maya_roi_h64,2,True,9412,32318,43645,4391,0.5490,2.0,57.5,19.0,5.7,1.7,6.5,6.7,1515523,475438,3022495,23675067,160050,11327,18949,30049,122379,0,45845,1199789,40.86,111.0,1368.9,76925,68867,4786,568,2704,33,174,57,3509329,0,0,0,"1410,273,689,1114,1614,2524,4124,6273,9687,14775,16661,13445,4336,0,0,0,0,0,0,0,0,0,0,0","102,98,163,154,245,556,1150,1442,5520,15475,33463,76000,37009,0,0,0,0,0,0,0,0,0,0,0"
grid8_M6_r0.0_s42/apex5.mvh,maya_roi_h256,2,True,9412,32318,43645,4391,0.5771,1.8,62.2,16.2,5.2,1.6,5.9,6.4,1515523,475438,3022495,30188827,160050,11327,18949,30049,122379,0,13903,878471,40.86,111.0,1368.9,76925,68867,4786,568,2704,33,174,57,5825168,0,0,0,"1410,273,689,1114,1614,2524,4124,6273,9687,14775,16661,13445,4336,0,0,0,0,0,0,0,0,0,0,0","102,98,163,154,245,556,1150,1442,5520,15475,33463,76000,37009,0,0,0,0,0,0,0,0,0,0,0"
grid8_M6_r0.0_s42/apex5.mvh,maya_roi_h1024,2,True,9412,32318,43645,4391,0.6327,1.7,66.3,13.1,5.0,1.5,5.8,5.6,1515523,475438,3022495,36970265,160050,11327,18949,30049,122379,0,3253,470341,40.86,111.0,1368.9,76925,68867,4786,568,2704,33,174,57,8597335,0,0,0,"1410,273,689,1114,1614,2524,4124,6273,9687,14775,16661,13445,4336,0,0,0,0,0,0,0,0,0,0,0","102,98,163,154,245,556,1150,1442,5520,15475,33463,76000,37009,0,0,0,0,0,0,0,0,0,0,0"
grid8_M6_r0.0_s42/apex5.mvh,maya_roi_B4,2,True,9412,32318,43645,4391,0.5769,2.0,56.7,21.0,5.5,1.6,6.1,7.4,1515523,475438,3022495,23229359,160050,11327,18949,30049,122379,0,155652,1723816,40.86,111.0,1368.9,76925,68867,4786,568,2704,33,174,57,2819909,0,0,0,"1410,273,689,1114,1614,2524,4124,6273,9687,14775,16661,13445,4336,0,0,0,0,0,0,0,0,0,0,0","102,98,163,154,245,556,1150,1442,5520,15475,33463,76000,37009,0,0,0,0,0,0,0,0,0,0,0"
grid8_M6_r0.0_s42/apex5.mvh,maya_roi_B16,2,True,9412,32318,43645,4391,0.5961,2.1,57.0,18.3,5.9,1.7,6.8,6.9,1515523,475438,3022495,21172563,160050,11327,18949,30049,122379,0,155652,1050124,40.86,111.0,1368.9,76925,68867,4786,568,2704,33,174,57,2791443,0,0,0,"1410,273,689,1114,1614,2524,4124,6273,9687,14775,16661,13445,4336,0,0,0,0,0,0,0,0,0,0,0","102,98,163,154,245,556,1150,1442,5520,15475,33463,76000,37009,0,0,0,0,0,0,0,0,0,0,0"
grid8_M6_r0.0_s42/apex5.mvh,maya_roi_B32,2,True,9412,32318,43645,4391,0.5973,2.2,57.0,16.6,6.3,1.9,7.2,5.8,1515523,475438,3022495,22368582,160050,11327,18949,30049,122379,0,155652,753804,40.86,111.0,1368.9,76925,68867,4786,568,2704,33,174,57,3146603,0,0,0,"1410,273,689,1114,1614,2524,4124,6273,9687,14775,16661,13445,4336,0,0,0,0,0,0,0,0,0,0,0","102,98,163,154,245,556,1150,1442,5520,15475,33463,76000,37009,0,0,0,0,0,0,0,0,0,0,0"
grid8_M6_r0.0_s42/apex5.mvh,maya_roi_id_h64,2,True,9412,32318,43645,4391,0.5447,2.0,56.9,19.8,5.6,1.7,6.5,8.2,1515523,475438,3022495,21900594,160050,11327,18949,30049,122379,80482,37557,1191213,40.86,111.0,1368.9,76925,68867,4786,568,2704,33,174,57,2789981,0,0,0,"1410,273,689,1114,1614,2524,4124,6273,9687,14775,16661,13445,4336,0,0,0,0,0,0,0,0,0,0,0","102,98,163,154,245,556,1150,1442,5520,15475,33463,76000,37009,0,0,0,0,0,0,0,0,0,0,0"
grid8_M6_r0.0_s42/apex5.mvh,maya_lexBU_h64,2,True,9412,32318,43645,4391,0.8485,1.6,69.8,11.0,4.6,1.3,5.1,0.8,1515523,475438,3022495,38289277,160050,11327,19240,29758,122379,80481,36945,1535016,40.59,111.0,1368.9,76925,68867,4786,568,2704,33,174,57,6404575,0,0,0,"1410,273,689,1114,1614,2524,4124,6273,9687,14775,16661,13445,4336,0,0,0,0,0,0,0,0,0,0,0","102,98,163,154,245,556,1150,1442,5520,15475,33463,76000,37009,0,0,0,0,0,0,0,0,0,0,0"
grid8_M6_r0.0_s42/apex5.mvh,lf_lin,2,True,9412,32318,43645,4391,0.3094,3.6,32.1,19.8,16.9,3.2,11.4,0.6,2172543,475438,3276295,12141386,62561,11327,18841,24803,30244,0,0,0,15.55,97.3,1241.2,192368,91786,97364,125,3093,33,174,55,2436914,0,0,0,"13761,707,1232,1947,3276,6220,10589,18366,27154,41566,40287,21344,5919,0,0,0,0,0,0,0,0,0,0,0","76,69,112,104,164,385,761,890,3163,8429,16057,31496,12182,0,0,0,0,0,0,0,0,0,0,0"
grid8_M6_r0.0_s42/apex5.mvh,lf_lin_flatT,2,True,9412,32318,43645,4391,0.6350,13.0,33.0,16.9,18.7,1.5,10.5,0.2,81534628,13575819,3276295,144218077,62561,11327,18841,24803,30244,0,0,0,15.55,97.3,1241.2,192368,91786,97364,125,3093,32,144,55,2436914,0,0,0,"13761,707,1232,1947,3276,6220,10589,18366,27154,41566,40287,21344,5919,0,0,0,0,0,0,0,0,0,0,0","76,69,112,104,164,385,761,890,3163,8429,16057,31496,12182,0,0,0,0,0,0,0,0,0,0,0"
grid8_M6_r0.0_s42/apex5.mvh,lf_roi_h0,2,True,9412,32318,43645,4391,0.4085,2.7,36.5,27.1,12.9,2.5,8.6,9.4,2172543,475438,3276295,12396097,62561,11327,18841,24803,30244,0,63382,745722,15.55,97.3,1241.2,192368,91786,97364,125,3093,33,174,55,1522948,0,0,0,"13761,707,1232,1947,3276,6220,10589,18366,27154,41566,40287,21344,5919,0,0,0,0,0,0,0,0,0,0,0","76,69,112,104,164,385,761,890,3163,8429,16057,31496,12182,0,0,0,0,0,0,0,0,0,0,0"
grid8_M6_r0.0_s42/apex5.mvh,lf_roi_h16,2,True,9412,32318,43645,4391,0.3931,2.7,36.2,27.4,12.8,2.5,8.7,8.7,2172543,475438,3276295,12219117,62561,11327,18841,24803,30244,0,27134,701610,15.55,97.3,1241.2,192368,91786,97364,125,3093,33,174,55,1539586,0,0,0,"13761,707,1232,1947,3276,6220,10589,18366,27154,41566,40287,21344,5919,0,0,0,0,0,0,0,0,0,0,0","76,69,112,104,164,385,761,890,3163,8429,16057,31496,12182,0,0,0,0,0,0,0,0,0,0,0"
grid8_M6_r0.0_s42/apex5.mvh,lf_roi_h64,2,True,9412,32318,43645,4391,0.3786,2.8,35.8,27.2,13.2,2.6,8.8,8.7,2172543,475438,3276295,12145126,62561,11327,18841,24803,30244,0,16725,654285,15.55,97.3,1241.2,192368,91786,97364,125,3093,33,174,55,1576982,0,0,0,"13761,707,1232,1947,3276,6220,10589,18366,27154,41566,40287,21344,5919,0,0,0,0,0,0,0,0,0,0,0","76,69,112,104,164,385,761,890,3163,8429,16057,31496,12182,0,0,0,0,0,0,0,0,0,0,0"
grid8_M6_r0.0_s42/apex5.mvh,lf_roi_h256,2,True,9412,32318,43645,4391,0.3560,3.0,34.9,26.0,13.9,2.7,9.2,9.0,2172543,475438,3276295,11775148,62561,11327,18841,24803,30244,0,5482,472028,15.55,97.3,1241.2,192368,91786,97364,125,3093,33,174,55,1701119,0,0,0,"13761,707,1232,1947,3276,6220,10589,18366,27154,41566,40287,21344,5919,0,0,0,0,0,0,0,0,0,0,0","76,69,112,104,164,385,761,890,3163,8429,16057,31496,12182,0,0,0,0,0,0,0,0,0,0,0"
grid8_M6_r0.0_s42/apex5.mvh,lf_roi_h1024,2,True,9412,32318,43645,4391,0.3262,3.1,34.8,24.4,14.6,2.8,9.7,9.1,2172543,475438,3276295,11893697,62561,11327,18841,24803,30244,0,1137,244749,15.55,97.3,1241.2,192368,91786,97364,125,3093,33,174,55,2041273,0,0,0,"13761,707,1232,1947,3276,6220,10589,18366,27154,41566,40287,21344,5919,0,0,0,0,0,0,0,0,0,0,0","76,69,112,104,164,385,761,890,3163,8429,16057,31496,12182,0,0,0,0,0,0,0,0,0,0,0"
grid8_M6_r0.0_s42/apex5.mvh,lf_roi_B4,2,True,9412,32318,43645,4391,0.4196,2.5,38.2,28.2,11.9,2.3,7.9,8.9,2172543,475438,3276295,13870136,62561,11327,18841,24803,30244,0,63382,971196,15.55,97.3,1241.2,192368,91786,97364,125,3093,33,174,55,1625084,0,0,0,"13761,707,1232,1947,3276,6220,10589,18366,27154,41566,40287,21344,5919,0,0,0,0,0,0,0,0,0,0,0","76,69,112,104,164,385,761,890,3163,8429,16057,31496,12182,0,0,0,0,0,0,0,0,0,0,0"
grid8_M6_r0.0_s42/apex5.mvh,lf_roi_B16,2,True,9412,32318,43645,4391,0.3611,3.0,35.2,25.5,13.9,2.7,9.2,7.4,2172543,475438,3276295,11465202,62561,11327,18841,24803,30244,0,63382,530426,15.55,97.3,1241.2,192368,91786,97364,125,3093,33,174,55,1471282,0,0,0,"13761,707,1232,1947,3276,6220,10589,18366,27154,41566,40287,21344,5919,0,0,0,0,0,0,0,0,0,0,0","76,69,112,104,164,385,761,890,3163,8429,16057,31496,12182,0,0,0,0,0,0,0,0,0,0,0"
grid8_M6_r0.0_s42/apex5.mvh,lf_roi_B32,2,True,9412,32318,43645,4391,0.3556,3.1,34.3,24.4,14.5,2.8,9.9,7.2,2172543,475438,3276295,11098290,62561,11327,18841,24803,30244,0,63382,355338,15.55,97.3,1241.2,192368,91786,97364,125,3093,33,174,55,1488086,0,0,0,"13761,707,1232,1947,3276,6220,10589,18366,27154,41566,40287,21344,5919,0,0,0,0,0,0,0,0,0,0,0","76,69,112,104,164,385,761,890,3163,8429,16057,31496,12182,0,0,0,0,0,0,0,0,0,0,0"
grid8_M6_r0.0_s42/apex5.mvh,lf_roi_id_h64,2,True,9412,32318,43645,4391,0.3821,2.7,36.2,27.2,12.9,2.5,8.7,8.8,2172543,475438,3276295,12157860,62561,11327,18841,24803,30244,17606,15606,652878,15.55,97.3,1241.2,192368,91786,97364,125,3093,33,174,55,1483767,0,0,0,"13761,707,1232,1947,3276,6220,10589,18366,27154,41566,40287,21344,5919,0,0,0,0,0,0,0,0,0,0,0","76,69,112,104,164,385,761,890,3163,8429,16057,31496,12182,0,0,0,0,0,0,0,0,0,0,0"
grid8_M6_r0.0_s42/apex5.mvh,lf_lexBU_h64,2,True,9412,32318,43645,4391,0.3566,3.2,32.0,23.1,15.9,3.1,10.9,1.2,2172543,475438,3276295,11996732,62561,11327,19096,24548,30244,17605,15019,364143,15.33,97.3,1241.2,192368,91786,97364,125,3093,33,174,55,1863780,0,0,0,"13761,707,1232,1947,3276,6220,10589,18366,27154,41566,40287,21344,5919,0,0,0,0,0,0,0,0,0,0,0","76,69,112,104,164,385,761,890,3163,8429,16057,31496,12182,0,0,0,0,0,0,0,0,0,0,0"
