instance,family,M,heuristic,algorithm,rep,baseline_origin,sols,exp,gen,reins,wall,process_wall,cmpchk,cmpupd,cmpfull,cmpch,fallbacks,fallback_rate,kd_builds,wc_hit,lw_hit,domT,equal_front,equal_counts,byte_equal,front_sha256,exit_code,T_hist,algo,avg_H,avg_T,avg_skip,ch_first,ch_gen,ch_ideal,ch_later,ch_nodes,ch_none,ch_re,ch_rskip,ch_tree,cmp,full,h_redund,h_total,htrees,kd_rebuilds,loc,loc_bad,loc_good,loc_hist,loc_notr,loc_tdisc,p_build,p_ch_gen,p_ch_re,p_full,p_global,p_local,p_update,roi_idxskip,roi_leaf,roi_leaf_tests,roi_recurse,roi_rule1,roi_rule2
BAY8000_M3_e0.1,BAY-apex,3,apex_e0.1_lex.mvh,BASE,0,current,238,12346,45393,4990,0.1085,3.739945199980866,,,,,1386,,,,,,,,,7523b01f48037065f36336aa39730bf837ff48835e5de826910c84414a696cc4,0,,MAYA,,,,,,,,,,,,,0,1386,,,,,,,,,,,,,,,,,,,,,,,
BAY8000_M3_e0.1,BAY-apex,3,apex_e0.1_lex.mvh,FAST-MVH,0,,238,12346,45393,4990,0.1025,3.2621988000464626,2347830,174023,3398,1973740,162,0.0013917884481558804,1,80217,892,138500,True,True,True,7523b01f48037065f36336aa39730bf837ff48835e5de826910c84414a696cc4,0,"378,119,908,2081,1644,11489,18526,25735,12578,0,0,0,0,0,0,0,0,0,0,0,0,0,0,0",,3.6,74.6,0.80,26324,53432,0,19068,0,28066,20026,16,0,,,1,4904,1163,1,116397,26,136,"28288,5703,12524,20989,20476,15183,10298,2771,165,0,0,0,0,0,0,0,0,0,0,0,0,0,0,0",65642,50593,1.2,10.6,3.7,0.0,3.9,14.1,3.7,0,0,0,0,0,0
BAY8000_M3_e0.1,BAY-apex,3,apex_e0.1_lex.mvh,cache-off,0,,238,12346,45393,4990,0.1168,0.36582290002843365,2277808,172833,3398,2884114,162,0.0013917884481558804,1,0,0,138500,True,True,True,7523b01f48037065f36336aa39730bf837ff48835e5de826910c84414a696cc4,0,"378,119,908,2081,1644,11489,18526,25735,12578,0,0,0,0,0,0,0,0,0,0,0,0,0,0,0",,3.6,74.6,0.80,26324,53432,0,19068,0,28066,20026,16,0,,,1,4904,1163,1,116397,26,136,"28288,5703,12524,20989,20476,15183,10298,2771,165,0,0,0,0,0,0,0,0,0,0,0,0,0,0,0",65642,50593,0.8,12.3,4.0,0.0,3.7,13.8,3.5,0,0,0,0,0,0
BAY8000_M3_e0.1,BAY-apex,3,apex_e0.1_lex.mvh,cache-off,1,,238,12346,45393,4990,0.1244,0.37585710000712425,2277808,172833,3398,2884114,162,0.0013917884481558804,1,0,0,138500,True,True,True,7523b01f48037065f36336aa39730bf837ff48835e5de826910c84414a696cc4,0,"378,119,908,2081,1644,11489,18526,25735,12578,0,0,0,0,0,0,0,0,0,0,0,0,0,0,0",,3.6,74.6,0.80,26324,53432,0,19068,0,28066,20026,16,0,,,1,4904,1163,1,116397,26,136,"28288,5703,12524,20989,20476,15183,10298,2771,165,0,0,0,0,0,0,0,0,0,0,0,0,0,0,0",65642,50593,0.8,12.3,4.2,0.0,3.6,14.0,3.6,0,0,0,0,0,0
BAY8000_M3_e0.1,BAY-apex,3,apex_e0.1_lex.mvh,FAST-MVH,1,,238,12346,45393,4990,0.1060,0.33598960004746914,2347830,174023,3398,1973740,162,0.0013917884481558804,1,80217,892,138500,True,True,True,7523b01f48037065f36336aa39730bf837ff48835e5de826910c84414a696cc4,0,"378,119,908,2081,1644,11489,18526,25735,12578,0,0,0,0,0,0,0,0,0,0,0,0,0,0,0",,3.6,74.6,0.80,26324,53432,0,19068,0,28066,20026,16,0,,,1,4904,1163,1,116397,26,136,"28288,5703,12524,20989,20476,15183,10298,2771,165,0,0,0,0,0,0,0,0,0,0,0,0,0,0,0",65642,50593,1.2,10.9,2.9,0.0,3.8,14.6,3.9,0,0,0,0,0,0
BAY8000_M3_e0.1,BAY-apex,3,apex_e0.1_lex.mvh,FAST-MVH,2,,238,12346,45393,4990,0.1027,0.34112609998555854,2347830,174023,3398,1973740,162,0.0013917884481558804,1,80217,892,138500,True,True,True,7523b01f48037065f36336aa39730bf837ff48835e5de826910c84414a696cc4,0,"378,119,908,2081,1644,11489,18526,25735,12578,0,0,0,0,0,0,0,0,0,0,0,0,0,0,0",,3.6,74.6,0.80,26324,53432,0,19068,0,28066,20026,16,0,,,1,4904,1163,1,116397,26,136,"28288,5703,12524,20989,20476,15183,10298,2771,165,0,0,0,0,0,0,0,0,0,0,0,0,0,0,0",65642,50593,1.2,10.4,3.3,0.0,3.9,14.2,3.7,0,0,0,0,0,0
BAY8000_M3_e0.1,BAY-apex,3,apex_e0.1_lex.mvh,cache-off,2,,238,12346,45393,4990,0.1220,0.34180619998369366,2277808,172833,3398,2884114,162,0.0013917884481558804,1,0,0,138500,True,True,True,7523b01f48037065f36336aa39730bf837ff48835e5de826910c84414a696cc4,0,"378,119,908,2081,1644,11489,18526,25735,12578,0,0,0,0,0,0,0,0,0,0,0,0,0,0,0",,3.6,74.6,0.80,26324,53432,0,19068,0,28066,20026,16,0,,,1,4904,1163,1,116397,26,136,"28288,5703,12524,20989,20476,15183,10298,2771,165,0,0,0,0,0,0,0,0,0,0,0,0,0,0,0",65642,50593,0.9,12.3,4.0,0.0,3.7,13.8,3.7,0,0,0,0,0,0
BAY8000_M4_e0.1,BAY-apex,4,apex_e0.1_lex.mvh,BASE,0,current,3716,157704,492420,49545,24.9487,25.429042499978095,,,,,94565,,,,,,,,,3dba64c44118bf7c64d3335d81d366810f4ea34d4ed6bed8da112b7da04990ba,0,,MAYA,,,,,,,,,,,,,0,94565,,,,,,,,,,,,,,,,,,,,,,,
BAY8000_M4_e0.1,BAY-apex,4,apex_e0.1_lex.mvh,FAST-MVH,0,,3716,157704,492420,49545,1.2732,1.5626498999772593,50672471,6914698,707326,13354297,6414,0.0042975277490040105,210,1899566,69559,2933534,True,True,True,3dba64c44118bf7c64d3335d81d366810f4ea34d4ed6bed8da112b7da04990ba,0,"378,119,773,1789,2046,3957,9889,30131,44042,66819,150314,258676,196793,0,0,0,0,0,0,0,0,0,0,0",,10.0,1343.3,2.10,271193,607040,0,221226,0,273307,158686,160,0,,,1,27266,1399,335,1492486,96,6318,"159427,14090,25778,46447,77824,125212,185313,245010,270317,215787,117553,6722,3006,0,0,0,0,0,0,0,0,0,0,0",758426,727646,0.2,10.7,3.9,0.1,4.6,21.7,5.8,0,0,0,0,0,0
BAY8000_M4_e0.1,BAY-apex,4,apex_e0.1_lex.mvh,cache-off,0,,3716,157704,492420,49545,1.3556,1.620340799971018,50819093,6915754,707326,26572032,6414,0.0042975277490040105,210,0,0,2933534,True,True,True,3dba64c44118bf7c64d3335d81d366810f4ea34d4ed6bed8da112b7da04990ba,0,"378,119,773,1789,2046,3957,9889,30131,44042,66819,150314,258676,196793,0,0,0,0,0,0,0,0,0,0,0",,10.0,1343.3,2.10,271193,607040,0,221226,0,273307,158686,160,0,,,1,27266,1399,335,1492486,96,6318,"159427,14090,25778,46447,77824,125212,185313,245010,270317,215787,117553,6722,3006,0,0,0,0,0,0,0,0,0,0,0",758426,727646,0.2,14.0,5.6,0.1,4.0,20.3,5.5,0,0,0,0,0,0
BAY8000_M4_e0.1,BAY-apex,4,apex_e0.1_lex.mvh,cache-off,1,,3716,157704,492420,49545,1.4542,1.7456248000380583,50819093,6915754,707326,26572032,6414,0.0042975277490040105,210,0,0,2933534,True,True,True,3dba64c44118bf7c64d3335d81d366810f4ea34d4ed6bed8da112b7da04990ba,0,"378,119,773,1789,2046,3957,9889,30131,44042,66819,150314,258676,196793,0,0,0,0,0,0,0,0,0,0,0",,10.0,1343.3,2.10,271193,607040,0,221226,0,273307,158686,160,0,,,1,27266,1399,335,1492486,96,6318,"159427,14090,25778,46447,77824,125212,185313,245010,270317,215787,117553,6722,3006,0,0,0,0,0,0,0,0,0,0,0",758426,727646,0.2,14.0,5.7,0.1,3.9,20.4,5.5,0,0,0,0,0,0
BAY8000_M4_e0.1,BAY-apex,4,apex_e0.1_lex.mvh,FAST-MVH,1,,3716,157704,492420,49545,1.4258,1.7415369000518695,50672471,6914698,707326,13354297,6414,0.0042975277490040105,210,1899566,69559,2933534,True,True,True,3dba64c44118bf7c64d3335d81d366810f4ea34d4ed6bed8da112b7da04990ba,0,"378,119,773,1789,2046,3957,9889,30131,44042,66819,150314,258676,196793,0,0,0,0,0,0,0,0,0,0,0",,10.0,1343.3,2.10,271193,607040,0,221226,0,273307,158686,160,0,,,1,27266,1399,335,1492486,96,6318,"159427,14090,25778,46447,77824,125212,185313,245010,270317,215787,117553,6722,3006,0,0,0,0,0,0,0,0,0,0,0",758426,727646,0.2,10.7,3.9,0.1,4.6,21.8,5.8,0,0,0,0,0,0
BAY8000_M4_e0.1,BAY-apex,4,apex_e0.1_lex.mvh,FAST-MVH,2,,3716,157704,492420,49545,1.4240,1.788536700012628,50672471,6914698,707326,13354297,6414,0.0042975277490040105,210,1899566,69559,2933534,True,True,True,3dba64c44118bf7c64d3335d81d366810f4ea34d4ed6bed8da112b7da04990ba,0,"378,119,773,1789,2046,3957,9889,30131,44042,66819,150314,258676,196793,0,0,0,0,0,0,0,0,0,0,0",,10.0,1343.3,2.10,271193,607040,0,221226,0,273307,158686,160,0,,,1,27266,1399,335,1492486,96,6318,"159427,14090,25778,46447,77824,125212,185313,245010,270317,215787,117553,6722,3006,0,0,0,0,0,0,0,0,0,0,0",758426,727646,0.2,10.8,3.9,0.1,4.5,21.6,5.8,0,0,0,0,0,0
BAY8000_M4_e0.1,BAY-apex,4,apex_e0.1_lex.mvh,cache-off,2,,3716,157704,492420,49545,1.7187,2.0357341000344604,50819093,6915754,707326,26572032,6414,0.0042975277490040105,210,0,0,2933534,True,True,True,3dba64c44118bf7c64d3335d81d366810f4ea34d4ed6bed8da112b7da04990ba,0,"378,119,773,1789,2046,3957,9889,30131,44042,66819,150314,258676,196793,0,0,0,0,0,0,0,0,0,0,0",,10.0,1343.3,2.10,271193,607040,0,221226,0,273307,158686,160,0,,,1,27266,1399,335,1492486,96,6318,"159427,14090,25778,46447,77824,125212,185313,245010,270317,215787,117553,6722,3006,0,0,0,0,0,0,0,0,0,0,0",758426,727646,0.2,14.0,5.6,0.1,3.9,20.5,5.5,0,0,0,0,0,0
BAY8000_M5_e0.1,BAY-apex,5,apex_e0.1_lex.mvh,BASE,0,current,,,,,,180.14351139997598,,,,,,,,,,,,,,,TIMEOUT,,,,,,,,,,,,,,,,,,,,,,,,,,,,,,,,,,,,,,,
BAY8000_M6_e0.1,BAY-apex,6,apex_e0.1_lex.mvh,BASE,0,current,,,,,,180.14805579994572,,,,,,,,,,,,,,,TIMEOUT,,,,,,,,,,,,,,,,,,,,,,,,,,,,,,,,,,,,,,,
BAY16000_M3_e0.1,BAY-apex,3,apex_e0.1_lex.mvh,BASE,0,current,3534,347498,893319,19212,3.3258,3.8205066999653354,,,,,18358,,,,,,,,,e7e5d4a769216c2c07bd473194f1ff3a27d442a56250f404ff4456fc0f1a0093,0,,MAYA,,,,,,,,,,,,,0,18358,,,,,,,,,,,,,,,,,,,,,,,
BAY16000_M3_e0.1,BAY-apex,3,apex_e0.1_lex.mvh,FAST-MVH,0,,3534,347498,893319,19212,2.7149,3.029795999987982,77298182,11594976,1139301,7985892,5783,0.0018058303056609018,11,830597,15911,1876102,True,True,True,e7e5d4a769216c2c07bd473194f1ff3a27d442a56250f404ff4456fc0f1a0093,0,"684,401,430,1168,3923,10228,247398,690897,342803,0,0,0,0,0,0,0,0,0,0,0,0,0,0,0",,3.1,107.8,0.15,804854,1143688,0,88464,0,404614,154244,0,0,,,0,16459,3664,59,3202405,588,5195,"221500,33914,86883,178403,423099,902603,1001564,340970,13469,0,0,0,0,0,0,0,0,0,0,0,0,0,0,0",1485991,1710631,0.1,6.7,1.0,0.1,2.0,23.9,3.5,0,0,0,0,0,0
BAY16000_M3_e0.1,BAY-apex,3,apex_e0.1_lex.mvh,cache-off,0,,3534,347498,893319,19212,2.2854,2.572165000019595,78025258,11599740,1139301,9277968,5783,0.0018058303056609018,11,0,0,1876102,True,True,True,e7e5d4a769216c2c07bd473194f1ff3a27d442a56250f404ff4456fc0f1a0093,0,"684,401,430,1168,3923,10228,247398,690897,342803,0,0,0,0,0,0,0,0,0,0,0,0,0,0,0",,3.1,107.8,0.15,804854,1143688,0,88464,0,404614,154244,0,0,,,0,16459,3664,58,3202405,588,5195,"221500,33914,86883,178403,423099,902603,1001564,340970,13469,0,0,0,0,0,0,0,0,0,0,0,0,0,0,0",1485991,1710631,0.1,6.6,1.4,0.1,2.0,23.8,3.5,0,0,0,0,0,0
BAY16000_M3_e0.1,BAY-apex,3,apex_e0.1_lex.mvh,cache-off,1,,3534,347498,893319,19212,2.0957,2.41781810001703,78025258,11599740,1139301,9277968,5783,0.0018058303056609018,11,0,0,1876102,True,True,True,e7e5d4a769216c2c07bd473194f1ff3a27d442a56250f404ff4456fc0f1a0093,0,"684,401,430,1168,3923,10228,247398,690897,342803,0,0,0,0,0,0,0,0,0,0,0,0,0,0,0",,3.1,107.8,0.15,804854,1143688,0,88464,0,404614,154244,0,0,,,0,16459,3664,58,3202405,588,5195,"221500,33914,86883,178403,423099,902603,1001564,340970,13469,0,0,0,0,0,0,0,0,0,0,0,0,0,0,0",1485991,1710631,0.1,6.5,1.4,0.1,2.0,23.5,3.4,0,0,0,0,0,0
BAY16000_M3_e0.1,BAY-apex,3,apex_e0.1_lex.mvh,FAST-MVH,1,,3534,347498,893319,19212,2.0970,2.3624307000427507,77298182,11594976,1139301,7985892,5783,0.0018058303056609018,11,830597,15911,1876102,True,True,True,e7e5d4a769216c2c07bd473194f1ff3a27d442a56250f404ff4456fc0f1a0093,0,"684,401,430,1168,3923,10228,247398,690897,342803,0,0,0,0,0,0,0,0,0,0,0,0,0,0,0",,3.1,107.8,0.15,804854,1143688,0,88464,0,404614,154244,0,0,,,0,16459,3664,59,3202405,588,5195,"221500,33914,86883,178403,423099,902603,1001564,340970,13469,0,0,0,0,0,0,0,0,0,0,0,0,0,0,0",1485991,1710631,0.1,6.4,1.1,0.1,2.0,23.6,3.5,0,0,0,0,0,0
BAY16000_M3_e0.1,BAY-apex,3,apex_e0.1_lex.mvh,FAST-MVH,2,,3534,347498,893319,19212,2.1247,2.4437330999644473,77298182,11594976,1139301,7985892,5783,0.0018058303056609018,11,830597,15911,1876102,True,True,True,e7e5d4a769216c2c07bd473194f1ff3a27d442a56250f404ff4456fc0f1a0093,0,"684,401,430,1168,3923,10228,247398,690897,342803,0,0,0,0,0,0,0,0,0,0,0,0,0,0,0",,3.1,107.8,0.15,804854,1143688,0,88464,0,404614,154244,0,0,,,0,16459,3664,59,3202405,588,5195,"221500,33914,86883,178403,423099,902603,1001564,340970,13469,0,0,0,0,0,0,0,0,0,0,0,0,0,0,0",1485991,1710631,0.1,6.3,1.1,0.1,2.0,23.6,3.4,0,0,0,0,0,0
BAY16000_M3_e0.1,BAY-apex,3,apex_e0.1_lex.mvh,cache-off,2,,3534,347498,893319,19212,2.8268,3.158590200007893,78025258,11599740,1139301,9277968,5783,0.0018058303056609018,11,0,0,1876102,True,True,True,e7e5d4a769216c2c07bd473194f1ff3a27d442a56250f404ff4456fc0f1a0093,0,"684,401,430,1168,3923,10228,247398,690897,342803,0,0,0,0,0,0,0,0,0,0,0,0,0,0,0",,3.1,107.8,0.15,804854,1143688,0,88464,0,404614,154244,0,0,,,0,16459,3664,58,3202405,588,5195,"221500,33914,86883,178403,423099,902603,1001564,340970,13469,0,0,0,0,0,0,0,0,0,0,0,0,0,0,0",1485991,1710631,0.1,6.7,1.4,0.1,1.9,23.7,3.4,0,0,0,0,0,0
BAY16000_M4_e0.1,BAY-apex,4,apex_e0.1_lex.mvh,BASE,0,current,,,,,,180.1786099000019,,,,,,,,,,,,,,,TIMEOUT,,,,,,,,,,,,,,,,,,,,,,,,,,,,,,,,,,,,,,,
BAY16000_M5_e0.1,BAY-apex,5,apex_e0.1_lex.mvh,BASE,0,current,,,,,,180.12380479997955,,,,,,,,,,,,,,,TIMEOUT,,,,,,,,,,,,,,,,,,,,,,,,,,,,,,,,,,,,,,,
BAY16000_M6_e0.1,BAY-apex,6,apex_e0.1_lex.mvh,BASE,0,current,,,,,,180.136332199967,,,,,,,,,,,,,,,TIMEOUT,,,,,,,,,,,,,,,,,,,,,,,,,,,,,,,,,,,,,,,
