instance,M,eps,solutions,expansions,ref_s,fastc_s,fast_s,speedup,fastc_full_cmp,fast_full_cmp,fallbacks,residue_total,ref_other_machine_s,identical,run_dir
grid10_M3,3,0.0,1602,9500,0.058,0.044,0.032,1.81,917142,112393,3806,8847,,True,2026-10-04_123702_fast_m3_6
grid10_M4,4,0.05,11330,53652,1.738,0.46,0.338,5.14,14978592,808785,11778,42484,,True,2026-10-04_123702_fast_m3_6
grid8_M5,5,0.05,9412,33005,1.473,0.289,0.241,6.11,3270447,203695,3164,19210,,True,2026-10-04_123702_fast_m3_6
grid8_M6,6,0.05,70196,179297,92.031,2.965,2.336,39.40,81180483,1861439,14804,114876,,True,2026-10-04_123702_fast_m3_6
bay8_M3,3,0.1,238,12346,0.053,0.04,0.018,2.94,3398,1534,162,3177,,True,2026-10-04_123702_fast_m3_6
bay16_M3,3,0.1,3534,347498,2.673,1.764,0.647,4.13,1139301,144246,5783,232240,,True,2026-10-04_123702_fast_m3_6
bay8_M4,4,0.1,3716,157704,20.05,1.319,0.654,30.66,707326,51401,6414,18151,,True,2026-10-04_123702_fast_m3_6
nyr5k_M4,4,0.01,7105,144117,9.551,1.85,1.039,9.19,28961528,2753207,58440,108560,,True,2026-10-04_134630_fast_ny_lex
nyr8k_M4,4,0.05,5713,195594,39.127,1.907,1.033,37.88,2255544,155667,5439,46629,,True,2026-10-04_134630_fast_ny_lex
nyr3k_M6,6,0.05,11286,127349,104.203,1.572,1.27,82.05,42810,1450,333,1715,,True,2026-10-04_134630_fast_ny_lex
nyr5k_M5,5,0.05,26701,503505,183.722,8.841,5.459,33.65,93212930,4832631,91934,354625,,True,2026-10-04_134630_fast_ny_lex
nyr8k_M5,5,0.1,57902,2049014,,49.46,32.189,,444885192,4550756,75986,306249,,True,2026-10-04_134630_fast_ny_lex
nyr5k_M6,6,0.1,184366,2642117,,87.217,63.673,,1096921706,13270018,185455,1315760,,True,2026-10-04_134630_fast_ny_lex
bay16_M4,4,0.1,55069,2881236,,41.811,21.923,,87720614,2355693,52298,1907771,,True,2026-10-04_123702_fast_m3_6
bay8_M5,5,0.1,33104,1195876,,27.839,19.116,,35302419,1304404,45531,123462,,True,2026-10-04_123702_fast_m3_6
bay800_M5,5,0.1,7617,34871,5.983,0.245,0.216,27.70,0,0,0,0,,True,2026-10-04_132414_fast_m5_8_home_instances
grid_n7_m7_rho-0.2,7,0.05,32643,91704,24.513,1.501,1.383,17.72,14253902,594988,7418,44864,,True,2026-10-04_132414_fast_m5_8_home_instances
grid_n6_m8_rho-0.2,8,0.05,47079,99244,36.956,1.865,1.435,25.75,97372215,2203027,10701,74271,,True,2026-10-04_132414_fast_m5_8_home_instances
grid_n7_m7_rho-0.4,7,0.05,49884,132959,57.64,2.832,2.507,22.99,37595701,1289210,13387,79172,,True,2026-10-04_132414_fast_m5_8_home_instances
grid_n8_m6_rho-0.2,6,0.05,104480,293896,320.693,7.426,5.852,54.80,277487335,4901244,39359,198192,,True,2026-10-04_132414_fast_m5_8_home_instances
bay800_M6,6,0.1,94886,351954,,7.835,6.086,,2092282,1791,80,218,3775.0492,True,2026-10-04_132414_fast_m5_8_home_instances
grid_n8_m7_rho-0.2,7,0.05,124943,373533,,11.8,9.949,,264202027,4132680,30060,224278,1513.6742,True,2026-10-04_132414_fast_m5_8_home_instances
grid_n7_m8_rho-0.2,8,0.05,175239,445827,,20.686,12.076,,1356354053,13582331,74047,290377,1006.4581,True,2026-10-04_132414_fast_m5_8_home_instances
grid_9x9_m7_rho-0.4,7,0.05,266224,815838,,32.237,20.175,,1956529957,20880389,101098,577954,3430.2758,True,2026-10-04_132414_fast_m5_8_home_instances
grid_8x8_m8_rho-0.4,8,0.05,366205,1033696,,,40.545,,,10176178,46995,567212,8552.902,True,2026-10-04_132414_fast_m5_8_home_instances
grid_9x9_m7_rho0.0,7,0.05,416597,1305173,,,43.4,,,40745174,141645,873495,6625.8697,True,2026-10-04_132414_fast_m5_8_home_instances
grid_8x8_m8_rho-0.2,8,0.05,1082326,3092094,,,182.536,,,162527086,300269,2418504,35013.4148,True,2026-10-04_132414_fast_m5_8_home_instances
