instance,family,M,heuristic,sols,exp,extractions,reinsertions,baseline_seconds,baseline_origin,repetitions,fast_min,fast_median,cache_off_min,cache_off_median,speedup_using_min,speedup_using_median,cache_saving_pct_min,cache_saving_pct_median,paired_saving_pct_median,cmpchk,cmpupd,cmpfull,cmpch,fallbacks,fallback_rate,baseline_fallbacks,kd_builds,wc_hit,lw_hit,domT,front_sha256,byte_equal_all,source_run
BAY16000_M3_e0.1,BAY-apex,3,apex_e0.1_lex.mvh,3534,347498,893319,19212,3.3258,current,3,2.097,2.1247,2.0957,2.2854,1.5859799713876968,1.565303336941686,-0.06203177935772963,7.031591843878548,-0.06203177935772963,77298182,11594976,1139301,7985892,5783,0.0018058303056609018,18358,11,830597,15911,1876102,e7e5d4a769216c2c07bd473194f1ff3a27d442a56250f404ff4456fc0f1a0093,True,2026-09-29_122346_bay_and_3d
BAY2000_M3_e0.1,BAY-apex,3,apex_e0.1_lex.mvh,9,158,441,28,0.0003,current,3,0.0005,0.0006,0.0005,0.0005,0.6,0.5,0.0,-19.999999999999996,-19.999999999999996,2229,125,0,1954,0,0.0,0,0,302,17,716,aa47153d2b0fa91b4cae7fd5e738c74b5fd4493fe948315614dbddd5dd0b19d6,True,2026-09-29_122240_bay_and_3d
BAY4000_M3_e0.1,BAY-apex,3,apex_e0.1_lex.mvh,14,290,737,24,0.0006,current,3,0.0009,0.0012,0.0009,0.001,0.6666666666666666,0.5,0.0,-19.999999999999996,-19.999999999999996,6936,587,0,5091,0,0.0,0,0,695,46,1426,4f49414b6ec0b1d1150c3bd4199800b4766cf3c758da0c487305f2285de53fdb,True,2026-09-29_122240_bay_and_3d
BAY8000_M3_e0.1,BAY-apex,3,apex_e0.1_lex.mvh,238,12346,45393,4990,0.1085,current,3,0.1025,0.1027,0.1168,0.122,1.0585365853658537,1.056475170399221,12.243150684931514,15.819672131147545,14.790996784565912,2347830,174023,3398,1973740,162,0.0013917884481558804,1386,1,80217,892,138500,7523b01f48037065f36336aa39730bf837ff48835e5de826910c84414a696cc4,True,2026-09-29_122346_bay_and_3d
BAY2000_M4_e0.05,BAY-apex,4,apex_e0.05_lex.mvh,32,285,699,20,0.0007,current,3,0.0012,0.0013,0.001,0.001,0.5833333333333334,0.5384615384615384,-19.999999999999996,-29.999999999999982,-19.999999999999996,14108,925,0,13306,0,0.0,0,0,1243,285,2324,2690994aea5a90afe05e7ff8ff43b11d69b34f0c81fe2ae9cf02f18db354074f,True,2026-09-29_122240_bay_and_3d
BAY2000_M4_e0.1,BAY-apex,4,apex_e0.1_lex.mvh,32,293,697,12,0.0005,current,3,0.0008,0.0008,0.0008,0.0008,0.625,0.625,0.0,0.0,0.0,14270,929,0,12247,0,0.0,0,0,984,157,1906,2690994aea5a90afe05e7ff8ff43b11d69b34f0c81fe2ae9cf02f18db354074f,True,2026-09-29_122240_bay_and_3d
BAY4000_M4_e0.1,BAY-apex,4,apex_e0.1_lex.mvh,37,594,1413,26,0.0011,current,3,0.0018,0.0018,0.0016,0.0018,0.6111111111111112,0.6111111111111112,-12.5,0.0,-11.111111111111116,35755,3231,0,23293,0,0.0,2,0,2237,127,3810,92b84bb0828920544ab527deb24428c5a5dc94dcf76d190b5365a2a02076f21f,True,2026-09-29_122240_bay_and_3d
BAY8000_M4_e0.1,BAY-apex,4,apex_e0.1_lex.mvh,3716,157704,492420,49545,24.9487,current,3,1.2732,1.424,1.3556,1.4542,19.595271756204834,17.520154494382023,6.078489229861306,2.0767432265162977,6.078489229861306,50672471,6914698,707326,13354297,6414,0.0042975277490040105,94565,210,1899566,69559,2933534,3dba64c44118bf7c64d3335d81d366810f4ea34d4ed6bed8da112b7da04990ba,True,2026-09-29_122346_bay_and_3d
BAY2000_M5_e0.05,BAY-apex,5,apex_e0.05_lex.mvh,120,936,2207,62,0.0044,current,3,0.0029,0.0034,0.0033,0.0043,1.517241379310345,1.2941176470588236,12.121212121212121,20.93023255813954,20.93023255813954,188278,14738,98,169656,2,0.0002566405748748877,17,0,8031,1437,12764,fb19b7200938984a15fa07aa0cc5bea0998507e25915381b629656f029d679f4,True,2026-09-29_122240_bay_and_3d
BAY2000_M5_e0.1,BAY-apex,5,apex_e0.1_lex.mvh,120,974,2253,44,0.0029,current,3,0.0025,0.0027,0.0026,0.0028,1.16,1.074074074074074,3.8461538461538436,3.57142857142857,3.57142857142857,193264,14973,98,159298,2,0.0002463357556349304,18,0,5604,773,9468,fb19b7200938984a15fa07aa0cc5bea0998507e25915381b629656f029d679f4,True,2026-09-29_122240_bay_and_3d
BAY4000_M5_e0.1,BAY-apex,5,apex_e0.1_lex.mvh,103,1360,3159,74,0.0063,current,3,0.004,0.0041,0.0054,0.0062,1.575,1.5365853658536583,25.92592592592593,33.87096774193547,33.87096774193547,240207,19023,9,181216,3,0.00026881720430107527,6,0,8836,668,13682,a79693456f5ab9571ba4070b5e86148d6fe483e5e9252f907dc351bdf19890f3,True,2026-09-29_122240_bay_and_3d
BAY2000_M6_e0.1,BAY-apex,6,apex_e0.1_lex.mvh,157,1206,2755,48,0.0058,current,3,0.0053,0.0074,0.0047,0.0056,1.0943396226415094,0.7837837837837837,-12.765957446808507,-32.14285714285714,-12.765957446808507,261085,22705,0,215616,0,0.0,22,1,8681,1222,13738,77c0d38b933d1b5eed1898d6e1b15c0929551bf9a5ff9092ebcb4105abf24641,True,2026-09-29_122240_bay_and_3d
BAY4000_M6_e0.1,BAY-apex,6,apex_e0.1_lex.mvh,207,2436,5439,88,0.0094,current,3,0.0072,0.0076,0.0079,0.008,1.3055555555555556,1.236842105263158,8.8607594936709,5.000000000000004,3.797468354430389,620129,82339,0,305565,0,0.0,34,2,19074,1321,27618,e63490ae82765a219a0d2a32bb5efa8c1320b204c9794622a691d3a3fbcf6328,True,2026-09-29_122240_bay_and_3d
NY2000_M3_e0,NY-apex,3,apex_e0.mvh,109,1903,5877,532,0.0081,current,5,0.0067,0.0073,0.0069,0.0076,1.208955223880597,1.1095890410958904,2.898550724637672,3.9473684210526327,3.9473684210526327,156518,13259,456,226355,40,0.0024052916416115455,120,0,58644,5961,76178,f4397ba8f85fdb3cb31165434ea21d7c62c27be793de47b4f041bb45770b2a80,True,2026-09-29_121834_valid_grid_and_3d
NY2000_M3_e0.1,NY-apex,3,apex_e0.1.mvh,109,2525,7081,236,0.0059,current,5,0.007,0.0075,0.0061,0.0063,0.8428571428571429,0.7866666666666666,-14.754098360655732,-19.047619047619047,-14.754098360655732,209667,18388,11,138621,4,0.00017814197915738843,124,0,7843,194,16622,f4397ba8f85fdb3cb31165434ea21d7c62c27be793de47b4f041bb45770b2a80,True,2026-09-29_121834_valid_grid_and_3d
grid10_M3_r-0.6_s42_apex,grid-apex,3,apex.mvh,1602,9499,28507,9643,0.0653,archived,3,0.0503,0.0574,0.0632,0.0715,1.2982107355864811,1.1376306620209058,20.4113924050633,19.72027972027971,19.72027972027971,1126220,174396,917044,4284138,3805,0.056641410006401,2468,0,937063,164919,1348404,a754fac3f170a7f6754153fce574e580691ebf6d4bafddcb1bb0390d423c8995,True,2026-09-29_121452_fast_mvh_grids
grid10_M4_e0.05,grid-apex,4,apex_e0.05_lex.mvh,11330,53651,101341,22557,2.5541,current,3,0.4724,0.4901,0.4994,0.6062,5.406646909398815,5.211385431544583,5.406487785342417,19.152095018145822,1.862234681617947,9841431,2496863,14975937,10057101,11777,0.03309735856268039,12750,12,983678,220124,2007083,e879eb4fde910bc0e361aee831fe90c6ecc836b6e7817616a540e15d98e704d0,True,2026-09-29_122148_valid_grid_and_3d
grid8_M5_e0.05,grid-apex,5,apex_e0.05_lex.mvh,9412,33005,45004,4693,1.4622,current,3,0.3091,0.3109,0.3436,0.3521,4.730507926237464,4.703119974268253,10.040745052386502,11.701221243964788,9.516880093131553,5054842,1235181,3270447,5660269,3164,0.015939305703188366,3608,12,669689,176190,1215686,c925826aaa8be934857b2986709441c21201eeba4798166dcfee513104ba9dc1,True,2026-09-29_121834_valid_grid_and_3d
grid8_M6_e0.05,grid-apex,6,apex_e0.05_lex.mvh,70196,179297,231496,22845,102.8491,current,3,2.6743,2.797,3.1317,3.3769,38.45832554313278,36.77121916338935,14.605485838362542,17.172554709941068,20.806064733927563,32316786,7371645,81180483,54666840,14804,0.015974309891252977,14548,18,1932682,691077,4785574,fb8bd3e39d26f33ad9d7b1d1e03b859f6440fdb9f7d763d257b878d0d1c3c0fc,True,2026-09-29_121834_valid_grid_and_3d
grid10_M3_r-0.6_s42_A50,grid-landmark,3,A50.mvh,1602,35862,67241,4559,0.2087,archived,3,0.1244,0.1289,0.1278,0.1427,1.677652733118971,1.6190845616757177,2.6604068857590035,9.67063770147163,2.6604068857590035,4829182,767987,2884812,1938103,6999,0.023225099965157373,19217,0,14072,4972,94868,a754fac3f170a7f6754153fce574e580691ebf6d4bafddcb1bb0390d423c8995,True,2026-09-29_121452_fast_mvh_grids
grid15_M3_r-0.6_s42_A200,grid-landmark,3,A200.mvh,2776,170052,338227,9182,1.5411,archived,3,0.7876,0.8672,0.6909,0.7884,1.9567039106145252,1.7770987084870848,-13.996236792589368,-9.994926433282592,-13.996236792589368,27566060,4275869,1767016,8776735,2825,0.001819575410934199,19498,0,30090,12733,370208,97179f3580ea6892f68d07ac15a9b555884c131bb8e482708d3ded06991b35d1,True,2026-09-29_121452_fast_mvh_grids
grid10_M4_r-0.6_s42_A50,grid-landmark,4,A50.mvh,12667,187070,296772,8754,9.4335,archived,3,0.9518,0.9736,1.1033,1.3301,9.911220844715277,9.68929745275267,13.731532674703162,26.802496052928348,15.84294343767162,34434307,8441568,3703477,3232073,2210,0.0014616382782562456,56631,31,60737,50967,435367,a66ac9e5a91e8ceddf3da6e580cbb076f9d8e0a80a43e68cfcf1b1bbb6e23001,True,2026-09-29_121452_fast_mvh_grids
grid12_M4_r0.0_s42_A50,grid-landmark,4,A50.mvh,13709,214670,334599,9543,11.2252,archived,3,1.3221,1.3436,1.1437,1.1598,8.490431888661977,8.35456981244418,-15.59849610911954,-15.847559924124855,-17.478359709714077,38989729,9754522,2348682,2829257,1155,0.0006612662303645437,53497,49,25313,22425,418301,c7d649215a223a1e6d38409885dba883d3116e10732748415e529af87543e6e4,True,2026-09-29_121452_fast_mvh_grids
grid10_M5_r-0.3_s42_A50,grid-landmark,5,A50.mvh,48950,448472,717484,19982,87.3698,archived,3,3.3998,3.6468,3.3385,3.3591,25.69851167715748,23.95793572447077,-1.8361539613598987,-8.564794141287834,-8.564794141287834,55020787,12828315,10348094,6812645,1377,0.00040303296206690054,97580,44,57888,82438,912555,873d4748662b951ce16070c5c291992ec6073cdfe24e6ba1262a984c931c5c86,True,2026-09-29_121452_fast_mvh_grids
grid10_M6_r0.3_s42_A25,grid-landmark,6,A25.mvh,17164,197696,251680,7918,72.5935,archived,3,2.0545,2.091,1.8457,1.9123,35.333901192504264,34.71712099473936,-11.312781058676924,-9.344768080322119,-9.344768080322119,35444618,8878834,16966196,5034796,7573,0.0051143381784365775,105524,46,46106,25986,365790,557b9e356b1cf73335c8e0ac4347a4c026cf7e89f9413a9a344272f6f5128bc3,True,2026-09-29_121452_fast_mvh_grids
