instance,family,M,heuristic,algorithm,rep,baseline_origin,sols,exp,gen,reins,wall,process_wall,cmpchk,cmpupd,cmpfull,cmpch,fallbacks,fallback_rate,kd_builds,wc_hit,lw_hit,domT,equal_front,equal_counts,byte_equal,front_sha256,exit_code,T_hist,avg_H,avg_T,avg_skip,ch_first,ch_gen,ch_ideal,ch_later,ch_nodes,ch_none,ch_re,ch_rskip,ch_tree,full,h_redund,h_total,htrees,kd_rebuilds,loc,loc_bad,loc_good,loc_hist,loc_notr,loc_tdisc,p_build,p_ch_gen,p_ch_re,p_full,p_global,p_local,p_update,roi_idxskip,roi_leaf,roi_leaf_tests,roi_recurse,roi_rule1,roi_rule2
grid10_M3_r-0.6_s42_A50,grid-landmark,3,A50.mvh,BASE,archive,C:\Users\BARFE\.copilot\repos\copilot-worktrees\fast-mvh-kdt\barfe-aicahub-jubilant-engine\scratchpad\runs\refA\grid10_M3_r-0.6_s42_A50_MAYA.sol,1602,35862,67241,4559,0.2087,,,,,,19217,,,,,,,,,a754fac3f170a7f6754153fce574e580691ebf6d4bafddcb1bb0390d423c8995,0,,,,,,,,,,,,,,19217,,,,,,,,,,,,,,,,,,,,,,,
grid10_M3_r-0.6_s42_A50,grid-landmark,3,A50.mvh,FAST-MVH,0,,1602,35862,67241,4559,0.1289,3.3566731000319123,4829182,767987,2884812,1938103,6999,0.023225099965157373,0,14072,4972,94868,True,True,True,a754fac3f170a7f6754153fce574e580691ebf6d4bafddcb1bb0390d423c8995,0,"2498,580,1447,2858,6954,33410,24189,0,0,0,0,0,0,0,0,0,0,0,0,0,0,0,0,0",50.0,25.3,0.76,57357,63544,0,9883,0,4696,8392,239929,0,,4020,4800,96,0,301355,2312,4687,"2024,2263,6548,20072,68098,169588,32762,0,0,0,0,0,0,0,0,0,0,0,0,0,0,0,0,0",94719,199637,0.2,4.6,1.4,4.9,2.4,25.7,5.3,0,0,0,0,0,0
grid10_M3_r-0.6_s42_A50,grid-landmark,3,A50.mvh,cache-off,0,,1602,35862,67241,4559,0.1483,0.2174405000405386,4829182,767987,2884812,1955549,6999,0.023225099965157373,0,0,0,94868,True,True,True,a754fac3f170a7f6754153fce574e580691ebf6d4bafddcb1bb0390d423c8995,0,"2498,580,1447,2858,6954,33410,24189,0,0,0,0,0,0,0,0,0,0,0,0,0,0,0,0,0",50.0,25.3,0.76,57357,63544,0,9883,0,4696,8392,239929,0,,4020,4800,96,0,301355,2312,4687,"2024,2263,6548,20072,68098,169588,32762,0,0,0,0,0,0,0,0,0,0,0,0,0,0,0,0,0",94719,199637,0.1,4.6,1.5,5.2,2.4,26.3,5.3,0,0,0,0,0,0
grid10_M3_r-0.6_s42_A50,grid-landmark,3,A50.mvh,cache-off,1,,1602,35862,67241,4559,0.1427,0.223833600000944,4829182,767987,2884812,1955549,6999,0.023225099965157373,0,0,0,94868,True,True,True,a754fac3f170a7f6754153fce574e580691ebf6d4bafddcb1bb0390d423c8995,0,"2498,580,1447,2858,6954,33410,24189,0,0,0,0,0,0,0,0,0,0,0,0,0,0,0,0,0",50.0,25.3,0.76,57357,63544,0,9883,0,4696,8392,239929,0,,4020,4800,96,0,301355,2312,4687,"2024,2263,6548,20072,68098,169588,32762,0,0,0,0,0,0,0,0,0,0,0,0,0,0,0,0,0",94719,199637,0.1,4.5,1.4,5.2,2.4,26.9,5.5,0,0,0,0,0,0
grid10_M3_r-0.6_s42_A50,grid-landmark,3,A50.mvh,FAST-MVH,1,,1602,35862,67241,4559,0.1407,0.22378000000026077,4829182,767987,2884812,1938103,6999,0.023225099965157373,0,14072,4972,94868,True,True,True,a754fac3f170a7f6754153fce574e580691ebf6d4bafddcb1bb0390d423c8995,0,"2498,580,1447,2858,6954,33410,24189,0,0,0,0,0,0,0,0,0,0,0,0,0,0,0,0,0",50.0,25.3,0.76,57357,63544,0,9883,0,4696,8392,239929,0,,4020,4800,96,0,301355,2312,4687,"2024,2263,6548,20072,68098,169588,32762,0,0,0,0,0,0,0,0,0,0,0,0,0,0,0,0,0",94719,199637,0.2,4.6,1.5,5.1,2.5,26.9,5.4,0,0,0,0,0,0
grid10_M3_r-0.6_s42_A50,grid-landmark,3,A50.mvh,FAST-MVH,2,,1602,35862,67241,4559,0.1244,0.19901199999731034,4829182,767987,2884812,1938103,6999,0.023225099965157373,0,14072,4972,94868,True,True,True,a754fac3f170a7f6754153fce574e580691ebf6d4bafddcb1bb0390d423c8995,0,"2498,580,1447,2858,6954,33410,24189,0,0,0,0,0,0,0,0,0,0,0,0,0,0,0,0,0",50.0,25.3,0.76,57357,63544,0,9883,0,4696,8392,239929,0,,4020,4800,96,0,301355,2312,4687,"2024,2263,6548,20072,68098,169588,32762,0,0,0,0,0,0,0,0,0,0,0,0,0,0,0,0,0",94719,199637,0.2,4.5,1.5,5.3,2.5,27.3,5.4,0,0,0,0,0,0
grid10_M3_r-0.6_s42_A50,grid-landmark,3,A50.mvh,cache-off,2,,1602,35862,67241,4559,0.1278,0.2033594999811612,4829182,767987,2884812,1955549,6999,0.023225099965157373,0,0,0,94868,True,True,True,a754fac3f170a7f6754153fce574e580691ebf6d4bafddcb1bb0390d423c8995,0,"2498,580,1447,2858,6954,33410,24189,0,0,0,0,0,0,0,0,0,0,0,0,0,0,0,0,0",50.0,25.3,0.76,57357,63544,0,9883,0,4696,8392,239929,0,,4020,4800,96,0,301355,2312,4687,"2024,2263,6548,20072,68098,169588,32762,0,0,0,0,0,0,0,0,0,0,0,0,0,0,0,0,0",94719,199637,0.1,4.5,1.4,5.3,2.4,26.8,5.4,0,0,0,0,0,0
grid15_M3_r-0.6_s42_A200,grid-landmark,3,A200.mvh,BASE,archive,C:\Users\BARFE\.copilot\repos\copilot-worktrees\fast-mvh-kdt\barfe-aicahub-jubilant-engine\scratchpad\runs\refA\grid15_M3_r-0.6_s42_A200_MAYA.sol,2776,170052,338227,9182,1.5411,,,,,,19498,,,,,,,,,97179f3580ea6892f68d07ac15a9b555884c131bb8e482708d3ded06991b35d1,0,,,,,,,,,,,,,,19498,,,,,,,,,,,,,,,,,,,,,,,
grid15_M3_r-0.6_s42_A200,grid-landmark,3,A200.mvh,FAST-MVH,0,,2776,170052,338227,9182,0.8672,1.0038237999542616,27566060,4275869,1767016,8776735,2825,0.001819575410934199,0,30090,12733,370208,True,True,True,97179f3580ea6892f68d07ac15a9b555884c131bb8e482708d3ded06991b35d1,0,"28758,1593,11948,37065,28004,97726,147133,0,0,0,0,0,0,0,0,0,0,0,0,0,0,0,0,0",200.0,24.3,0.35,326950,333024,0,11276,0,14001,19203,2816790,0,,40193,42200,211,0,1552560,1039,1786,"7027,4865,18740,56378,251402,834863,379285,0,0,0,0,0,0,0,0,0,0,0,0,0,0,0,0,0",501290,1048445,0.2,3.7,1.0,0.4,1.6,19.9,4.0,0,0,0,0,0,0
grid15_M3_r-0.6_s42_A200,grid-landmark,3,A200.mvh,cache-off,0,,2776,170052,338227,9182,0.7884,0.9145987000083551,27566060,4275869,1767016,8759560,2825,0.001819575410934199,0,0,0,370208,True,True,True,97179f3580ea6892f68d07ac15a9b555884c131bb8e482708d3ded06991b35d1,0,"28758,1593,11948,37065,28004,97726,147133,0,0,0,0,0,0,0,0,0,0,0,0,0,0,0,0,0",200.0,24.3,0.35,326950,333024,0,11276,0,14001,19203,2816790,0,,40193,42200,211,0,1552560,1039,1786,"7027,4865,18740,56378,251402,834863,379285,0,0,0,0,0,0,0,0,0,0,0,0,0,0,0,0,0",501290,1048445,0.2,3.8,1.0,0.5,1.6,20.1,4.0,0,0,0,0,0,0
grid15_M3_r-0.6_s42_A200,grid-landmark,3,A200.mvh,cache-off,1,,2776,170052,338227,9182,0.8009,0.9431095999898389,27566060,4275869,1767016,8759560,2825,0.001819575410934199,0,0,0,370208,True,True,True,97179f3580ea6892f68d07ac15a9b555884c131bb8e482708d3ded06991b35d1,0,"28758,1593,11948,37065,28004,97726,147133,0,0,0,0,0,0,0,0,0,0,0,0,0,0,0,0,0",200.0,24.3,0.35,326950,333024,0,11276,0,14001,19203,2816790,0,,40193,42200,211,0,1552560,1039,1786,"7027,4865,18740,56378,251402,834863,379285,0,0,0,0,0,0,0,0,0,0,0,0,0,0,0,0,0",501290,1048445,0.2,3.8,1.0,0.5,1.6,20.2,4.0,0,0,0,0,0,0
grid15_M3_r-0.6_s42_A200,grid-landmark,3,A200.mvh,FAST-MVH,1,,2776,170052,338227,9182,0.9713,1.1312786000198685,27566060,4275869,1767016,8776735,2825,0.001819575410934199,0,30090,12733,370208,True,True,True,97179f3580ea6892f68d07ac15a9b555884c131bb8e482708d3ded06991b35d1,0,"28758,1593,11948,37065,28004,97726,147133,0,0,0,0,0,0,0,0,0,0,0,0,0,0,0,0,0",200.0,24.3,0.35,326950,333024,0,11276,0,14001,19203,2816790,0,,40193,42200,211,0,1552560,1039,1786,"7027,4865,18740,56378,251402,834863,379285,0,0,0,0,0,0,0,0,0,0,0,0,0,0,0,0,0",501290,1048445,0.2,3.8,0.9,0.4,1.6,19.9,4.0,0,0,0,0,0,0
grid15_M3_r-0.6_s42_A200,grid-landmark,3,A200.mvh,FAST-MVH,2,,2776,170052,338227,9182,0.7876,0.9515201000031084,27566060,4275869,1767016,8776735,2825,0.001819575410934199,0,30090,12733,370208,True,True,True,97179f3580ea6892f68d07ac15a9b555884c131bb8e482708d3ded06991b35d1,0,"28758,1593,11948,37065,28004,97726,147133,0,0,0,0,0,0,0,0,0,0,0,0,0,0,0,0,0",200.0,24.3,0.35,326950,333024,0,11276,0,14001,19203,2816790,0,,40193,42200,211,0,1552560,1039,1786,"7027,4865,18740,56378,251402,834863,379285,0,0,0,0,0,0,0,0,0,0,0,0,0,0,0,0,0",501290,1048445,0.2,3.6,1.0,0.4,1.6,20.3,4.0,0,0,0,0,0,0
grid15_M3_r-0.6_s42_A200,grid-landmark,3,A200.mvh,cache-off,2,,2776,170052,338227,9182,0.6909,0.7975627999985591,27566060,4275869,1767016,8759560,2825,0.001819575410934199,0,0,0,370208,True,True,True,97179f3580ea6892f68d07ac15a9b555884c131bb8e482708d3ded06991b35d1,0,"28758,1593,11948,37065,28004,97726,147133,0,0,0,0,0,0,0,0,0,0,0,0,0,0,0,0,0",200.0,24.3,0.35,326950,333024,0,11276,0,14001,19203,2816790,0,,40193,42200,211,0,1552560,1039,1786,"7027,4865,18740,56378,251402,834863,379285,0,0,0,0,0,0,0,0,0,0,0,0,0,0,0,0,0",501290,1048445,0.2,3.7,1.0,0.5,1.6,20.2,4.0,0,0,0,0,0,0
grid10_M4_r-0.6_s42_A50,grid-landmark,4,A50.mvh,BASE,archive,C:\Users\BARFE\.copilot\repos\copilot-worktrees\fast-mvh-kdt\barfe-aicahub-jubilant-engine\scratchpad\runs\refA\grid10_M4_r-0.6_s42_A50_MAYA.sol,12667,187070,296772,8754,9.4335,,,,,,56631,,,,,,,,,a66ac9e5a91e8ceddf3da6e580cbb076f9d8e0a80a43e68cfcf1b1bbb6e23001,0,,,,,,,,,,,,,,56631,,,,,,,,,,,,,,,,,,,,,,,
grid10_M4_r-0.6_s42_A50,grid-landmark,4,A50.mvh,FAST-MVH,0,,12667,187070,296772,8754,0.9518,1.0400801000068896,34434307,8441568,3703477,3232073,2210,0.0014616382782562456,31,60737,50967,435367,True,True,True,a66ac9e5a91e8ceddf3da6e580cbb076f9d8e0a80a43e68cfcf1b1bbb6e23001,0,"19530,1119,3576,4147,6243,13488,18477,44307,43385,99569,71931,0,0,0,0,0,0,0,0,0,0,0,0,0",50.0,305.7,0.50,279462,297332,0,17309,0,29001,28440,1356043,0,,3652,4450,89,733,1512002,207,2003,"7620,1704,5492,8100,18264,47604,123368,261810,420361,493341,124338,0,0,0,0,0,0,0,0,0,0,0,0,0",482399,1027393,0.0,3.5,1.0,1.1,2.5,30.0,12.3,0,0,0,0,0,0
grid10_M4_r-0.6_s42_A50,grid-landmark,4,A50.mvh,cache-off,0,,12667,187070,296772,8754,1.3301,1.4486389000085182,34995013,8449901,3703477,4467793,2210,0.0014616382782562456,31,0,0,435367,True,True,True,a66ac9e5a91e8ceddf3da6e580cbb076f9d8e0a80a43e68cfcf1b1bbb6e23001,0,"19530,1119,3576,4147,6243,13488,18477,44307,43385,99569,71931,0,0,0,0,0,0,0,0,0,0,0,0,0",50.0,305.7,0.50,279462,297332,0,17309,0,29001,28440,1356043,0,,3652,4450,89,732,1512002,207,2003,"7620,1704,5492,8100,18264,47604,123368,261810,420361,493341,124338,0,0,0,0,0,0,0,0,0,0,0,0,0",482399,1027393,0.0,3.4,1.0,1.0,2.3,29.5,12.1,0,0,0,0,0,0
grid10_M4_r-0.6_s42_A50,grid-landmark,4,A50.mvh,cache-off,1,,12667,187070,296772,8754,1.4568,1.5903640000033192,34995013,8449901,3703477,4467793,2210,0.0014616382782562456,31,0,0,435367,True,True,True,a66ac9e5a91e8ceddf3da6e580cbb076f9d8e0a80a43e68cfcf1b1bbb6e23001,0,"19530,1119,3576,4147,6243,13488,18477,44307,43385,99569,71931,0,0,0,0,0,0,0,0,0,0,0,0,0",50.0,305.7,0.50,279462,297332,0,17309,0,29001,28440,1356043,0,,3652,4450,89,732,1512002,207,2003,"7620,1704,5492,8100,18264,47604,123368,261810,420361,493341,124338,0,0,0,0,0,0,0,0,0,0,0,0,0",482399,1027393,0.0,3.5,1.0,1.0,2.3,29.5,12.0,0,0,0,0,0,0
grid10_M4_r-0.6_s42_A50,grid-landmark,4,A50.mvh,FAST-MVH,1,,12667,187070,296772,8754,1.2260,1.3762909999932162,34434307,8441568,3703477,3232073,2210,0.0014616382782562456,31,60737,50967,435367,True,True,True,a66ac9e5a91e8ceddf3da6e580cbb076f9d8e0a80a43e68cfcf1b1bbb6e23001,0,"19530,1119,3576,4147,6243,13488,18477,44307,43385,99569,71931,0,0,0,0,0,0,0,0,0,0,0,0,0",50.0,305.7,0.50,279462,297332,0,17309,0,29001,28440,1356043,0,,3652,4450,89,733,1512002,207,2003,"7620,1704,5492,8100,18264,47604,123368,261810,420361,493341,124338,0,0,0,0,0,0,0,0,0,0,0,0,0",482399,1027393,0.0,3.6,1.0,1.0,2.4,29.8,12.1,0,0,0,0,0,0
grid10_M4_r-0.6_s42_A50,grid-landmark,4,A50.mvh,FAST-MVH,2,,12667,187070,296772,8754,0.9736,1.0982864999677986,34434307,8441568,3703477,3232073,2210,0.0014616382782562456,31,60737,50967,435367,True,True,True,a66ac9e5a91e8ceddf3da6e580cbb076f9d8e0a80a43e68cfcf1b1bbb6e23001,0,"19530,1119,3576,4147,6243,13488,18477,44307,43385,99569,71931,0,0,0,0,0,0,0,0,0,0,0,0,0",50.0,305.7,0.50,279462,297332,0,17309,0,29001,28440,1356043,0,,3652,4450,89,733,1512002,207,2003,"7620,1704,5492,8100,18264,47604,123368,261810,420361,493341,124338,0,0,0,0,0,0,0,0,0,0,0,0,0",482399,1027393,0.0,3.4,1.0,1.2,2.5,30.1,12.2,0,0,0,0,0,0
grid10_M4_r-0.6_s42_A50,grid-landmark,4,A50.mvh,cache-off,2,,12667,187070,296772,8754,1.1033,1.229175899992697,34995013,8449901,3703477,4467793,2210,0.0014616382782562456,31,0,0,435367,True,True,True,a66ac9e5a91e8ceddf3da6e580cbb076f9d8e0a80a43e68cfcf1b1bbb6e23001,0,"19530,1119,3576,4147,6243,13488,18477,44307,43385,99569,71931,0,0,0,0,0,0,0,0,0,0,0,0,0",50.0,305.7,0.50,279462,297332,0,17309,0,29001,28440,1356043,0,,3652,4450,89,732,1512002,207,2003,"7620,1704,5492,8100,18264,47604,123368,261810,420361,493341,124338,0,0,0,0,0,0,0,0,0,0,0,0,0",482399,1027393,0.0,3.4,1.0,1.0,2.3,29.8,12.0,0,0,0,0,0,0
grid12_M4_r0.0_s42_A50,grid-landmark,4,A50.mvh,BASE,archive,C:\Users\BARFE\.copilot\repos\copilot-worktrees\fast-mvh-kdt\barfe-aicahub-jubilant-engine\scratchpad\runs\refA\grid12_M4_r0.0_s42_A50_MAYA.sol,13709,214670,334599,9543,11.2252,,,,,,53497,,,,,,,,,c7d649215a223a1e6d38409885dba883d3116e10732748415e529af87543e6e4,0,,,,,,,,,,,,,,53497,,,,,,,,,,,,,,,,,,,,,,,
grid12_M4_r0.0_s42_A50,grid-landmark,4,A50.mvh,FAST-MVH,0,,13709,214670,334599,9543,1.3436,1.477404100005515,38989729,9754522,2348682,2829257,1155,0.0006612662303645437,49,25313,22425,418301,True,True,True,c7d649215a223a1e6d38409885dba883d3116e10732748415e529af87543e6e4,0,"1373,522,625,1024,2136,1579,14549,19377,53303,77134,190261,0,0,0,0,0,0,0,0,0,0,0,0,0",50.0,470.9,0.43,320893,331275,0,13705,0,27285,30608,1372358,0,,5548,6750,135,758,1746649,151,1004,"1490,1415,3468,9093,23064,58697,117874,278130,369957,455022,428439,0,0,0,0,0,0,0,0,0,0,0,0,0",544941,1200553,0.0,3.6,1.1,0.5,2.6,30.5,12.7,0,0,0,0,0,0
grid12_M4_r0.0_s42_A50,grid-landmark,4,A50.mvh,cache-off,0,,13709,214670,334599,9543,1.1437,1.274391499988269,38969205,9753731,2348682,2686083,1155,0.0006612662303645437,49,0,0,418301,True,True,True,c7d649215a223a1e6d38409885dba883d3116e10732748415e529af87543e6e4,0,"1373,522,625,1024,2136,1579,14549,19377,53303,77134,190261,0,0,0,0,0,0,0,0,0,0,0,0,0",50.0,470.9,0.43,320893,331275,0,13705,0,27285,30608,1372358,0,,5548,6750,135,758,1746649,151,1004,"1490,1415,3468,9093,23064,58697,117874,278130,369957,455022,428439,0,0,0,0,0,0,0,0,0,0,0,0,0",544941,1200553,0.0,3.2,1.1,0.5,2.5,30.8,13.0,0,0,0,0,0,0
grid12_M4_r0.0_s42_A50,grid-landmark,4,A50.mvh,cache-off,1,,13709,214670,334599,9543,1.1598,1.2611666999873705,38969205,9753731,2348682,2686083,1155,0.0006612662303645437,49,0,0,418301,True,True,True,c7d649215a223a1e6d38409885dba883d3116e10732748415e529af87543e6e4,0,"1373,522,625,1024,2136,1579,14549,19377,53303,77134,190261,0,0,0,0,0,0,0,0,0,0,0,0,0",50.0,470.9,0.43,320893,331275,0,13705,0,27285,30608,1372358,0,,5548,6750,135,758,1746649,151,1004,"1490,1415,3468,9093,23064,58697,117874,278130,369957,455022,428439,0,0,0,0,0,0,0,0,0,0,0,0,0",544941,1200553,0.0,3.2,1.1,0.5,2.5,30.9,13.1,0,0,0,0,0,0
grid12_M4_r0.0_s42_A50,grid-landmark,4,A50.mvh,FAST-MVH,1,,13709,214670,334599,9543,1.3221,1.4378836000105366,38989729,9754522,2348682,2829257,1155,0.0006612662303645437,49,25313,22425,418301,True,True,True,c7d649215a223a1e6d38409885dba883d3116e10732748415e529af87543e6e4,0,"1373,522,625,1024,2136,1579,14549,19377,53303,77134,190261,0,0,0,0,0,0,0,0,0,0,0,0,0",50.0,470.9,0.43,320893,331275,0,13705,0,27285,30608,1372358,0,,5548,6750,135,758,1746649,151,1004,"1490,1415,3468,9093,23064,58697,117874,278130,369957,455022,428439,0,0,0,0,0,0,0,0,0,0,0,0,0",544941,1200553,0.0,3.5,1.1,0.5,2.7,30.5,13.0,0,0,0,0,0,0
grid12_M4_r0.0_s42_A50,grid-landmark,4,A50.mvh,FAST-MVH,2,,13709,214670,334599,9543,1.4274,1.560017199954018,38989729,9754522,2348682,2829257,1155,0.0006612662303645437,49,25313,22425,418301,True,True,True,c7d649215a223a1e6d38409885dba883d3116e10732748415e529af87543e6e4,0,"1373,522,625,1024,2136,1579,14549,19377,53303,77134,190261,0,0,0,0,0,0,0,0,0,0,0,0,0",50.0,470.9,0.43,320893,331275,0,13705,0,27285,30608,1372358,0,,5548,6750,135,758,1746649,151,1004,"1490,1415,3468,9093,23064,58697,117874,278130,369957,455022,428439,0,0,0,0,0,0,0,0,0,0,0,0,0",544941,1200553,0.0,3.6,1.0,0.5,2.6,30.3,12.8,0,0,0,0,0,0
grid12_M4_r0.0_s42_A50,grid-landmark,4,A50.mvh,cache-off,2,,13709,214670,334599,9543,1.1720,1.3104295000084676,38969205,9753731,2348682,2686083,1155,0.0006612662303645437,49,0,0,418301,True,True,True,c7d649215a223a1e6d38409885dba883d3116e10732748415e529af87543e6e4,0,"1373,522,625,1024,2136,1579,14549,19377,53303,77134,190261,0,0,0,0,0,0,0,0,0,0,0,0,0",50.0,470.9,0.43,320893,331275,0,13705,0,27285,30608,1372358,0,,5548,6750,135,758,1746649,151,1004,"1490,1415,3468,9093,23064,58697,117874,278130,369957,455022,428439,0,0,0,0,0,0,0,0,0,0,0,0,0",544941,1200553,0.0,3.2,1.1,0.5,2.5,30.8,13.0,0,0,0,0,0,0
grid10_M5_r-0.3_s42_A50,grid-landmark,5,A50.mvh,BASE,archive,C:\Users\BARFE\.copilot\repos\copilot-worktrees\fast-mvh-kdt\barfe-aicahub-jubilant-engine\scratchpad\runs\refA\grid10_M5_r-0.3_s42_A50_MAYA.sol,48950,448472,717484,19982,87.3698,,,,,,97580,,,,,,,,,873d4748662b951ce16070c5c291992ec6073cdfe24e6ba1262a984c931c5c86,0,,,,,,,,,,,,,,97580,,,,,,,,,,,,,,,,,,,,,,,
grid10_M5_r-0.3_s42_A50,grid-landmark,5,A50.mvh,FAST-MVH,0,,48950,448472,717484,19982,3.3998,3.6544822999858297,55020787,12828315,10348094,6812645,1377,0.00040303296206690054,44,57888,82438,912555,True,True,True,873d4748662b951ce16070c5c291992ec6073cdfe24e6ba1262a984c931c5c86,0,"15544,2333,35,5082,8871,2082,4004,8905,9616,88303,132895,179514,328091,0,0,0,0,0,0,0,0,0,0,0",50.0,1687.7,0.19,696104,708471,0,21379,0,67792,76804,3235990,0,,3614,4650,93,1560,3416594,82,1295,"6772,2004,2107,6828,18385,38231,86578,210552,415211,727715,826959,908332,166920,0,0,0,0,0,0,0,0,0,0,0",1155648,2259569,0.0,4.0,1.1,0.8,3.8,30.2,16.1,0,0,0,0,0,0
grid10_M5_r-0.3_s42_A50,grid-landmark,5,A50.mvh,cache-off,0,,48950,448472,717484,19982,4.3344,4.521968299988657,54882016,12824500,10348094,7060423,1377,0.00040303296206690054,44,0,0,912555,True,True,True,873d4748662b951ce16070c5c291992ec6073cdfe24e6ba1262a984c931c5c86,0,"15544,2333,35,5082,8871,2082,4004,8905,9616,88303,132895,179514,328091,0,0,0,0,0,0,0,0,0,0,0",50.0,1687.7,0.19,696104,708471,0,21379,0,67792,76804,3235990,0,,3614,4650,93,1560,3416594,82,1295,"6772,2004,2107,6828,18385,38231,86578,210552,415211,727715,826959,908332,166920,0,0,0,0,0,0,0,0,0,0,0",1155648,2259569,0.0,3.8,1.2,0.7,3.4,30.3,16.1,0,0,0,0,0,0
grid10_M5_r-0.3_s42_A50,grid-landmark,5,A50.mvh,cache-off,1,,48950,448472,717484,19982,3.3591,3.5356583999819122,54882016,12824500,10348094,7060423,1377,0.00040303296206690054,44,0,0,912555,True,True,True,873d4748662b951ce16070c5c291992ec6073cdfe24e6ba1262a984c931c5c86,0,"15544,2333,35,5082,8871,2082,4004,8905,9616,88303,132895,179514,328091,0,0,0,0,0,0,0,0,0,0,0",50.0,1687.7,0.19,696104,708471,0,21379,0,67792,76804,3235990,0,,3614,4650,93,1560,3416594,82,1295,"6772,2004,2107,6828,18385,38231,86578,210552,415211,727715,826959,908332,166920,0,0,0,0,0,0,0,0,0,0,0",1155648,2259569,0.0,3.8,1.2,0.8,3.5,30.4,16.2,0,0,0,0,0,0
grid10_M5_r-0.3_s42_A50,grid-landmark,5,A50.mvh,FAST-MVH,1,,48950,448472,717484,19982,3.6468,3.8455927000031807,55020787,12828315,10348094,6812645,1377,0.00040303296206690054,44,57888,82438,912555,True,True,True,873d4748662b951ce16070c5c291992ec6073cdfe24e6ba1262a984c931c5c86,0,"15544,2333,35,5082,8871,2082,4004,8905,9616,88303,132895,179514,328091,0,0,0,0,0,0,0,0,0,0,0",50.0,1687.7,0.19,696104,708471,0,21379,0,67792,76804,3235990,0,,3614,4650,93,1560,3416594,82,1295,"6772,2004,2107,6828,18385,38231,86578,210552,415211,727715,826959,908332,166920,0,0,0,0,0,0,0,0,0,0,0",1155648,2259569,0.0,4.0,1.1,0.7,3.8,30.4,16.2,0,0,0,0,0,0
grid10_M5_r-0.3_s42_A50,grid-landmark,5,A50.mvh,FAST-MVH,2,,48950,448472,717484,19982,4.2468,4.420602799975313,55020787,12828315,10348094,6812645,1377,0.00040303296206690054,44,57888,82438,912555,True,True,True,873d4748662b951ce16070c5c291992ec6073cdfe24e6ba1262a984c931c5c86,0,"15544,2333,35,5082,8871,2082,4004,8905,9616,88303,132895,179514,328091,0,0,0,0,0,0,0,0,0,0,0",50.0,1687.7,0.19,696104,708471,0,21379,0,67792,76804,3235990,0,,3614,4650,93,1560,3416594,82,1295,"6772,2004,2107,6828,18385,38231,86578,210552,415211,727715,826959,908332,166920,0,0,0,0,0,0,0,0,0,0,0",1155648,2259569,0.0,4.1,1.0,0.7,3.7,30.3,16.1,0,0,0,0,0,0
grid10_M5_r-0.3_s42_A50,grid-landmark,5,A50.mvh,cache-off,2,,48950,448472,717484,19982,3.3385,3.507848399982322,54882016,12824500,10348094,7060423,1377,0.00040303296206690054,44,0,0,912555,True,True,True,873d4748662b951ce16070c5c291992ec6073cdfe24e6ba1262a984c931c5c86,0,"15544,2333,35,5082,8871,2082,4004,8905,9616,88303,132895,179514,328091,0,0,0,0,0,0,0,0,0,0,0",50.0,1687.7,0.19,696104,708471,0,21379,0,67792,76804,3235990,0,,3614,4650,93,1560,3416594,82,1295,"6772,2004,2107,6828,18385,38231,86578,210552,415211,727715,826959,908332,166920,0,0,0,0,0,0,0,0,0,0,0",1155648,2259569,0.0,3.8,1.3,0.8,3.4,30.3,16.2,0,0,0,0,0,0
grid10_M6_r0.3_s42_A25,grid-landmark,6,A25.mvh,BASE,archive,C:\Users\BARFE\.copilot\repos\copilot-worktrees\fast-mvh-kdt\barfe-aicahub-jubilant-engine\scratchpad\runs\refA\grid10_M6_r0.3_s42_A25_MAYA.sol,17164,197696,251680,7918,72.5935,,,,,,105524,,,,,,,,,557b9e356b1cf73335c8e0ac4347a4c026cf7e89f9413a9a344272f6f5128bc3,0,,,,,,,,,,,,,,105524,,,,,,,,,,,,,,,,,,,,,,,
grid10_M6_r0.3_s42_A25,grid-landmark,6,A25.mvh,FAST-MVH,0,,17164,197696,251680,7918,2.0545,2.1721562999882735,35444618,8878834,16966196,5034796,7573,0.0051143381784365775,46,46106,25986,365790,True,True,True,557b9e356b1cf73335c8e0ac4347a4c026cf7e89f9413a9a344272f6f5128bc3,0,"30115,26,53,1725,1823,1938,5062,5249,6958,14083,44705,34222,46380,58022,11098,0,0,0,0,0,0,0,0,0",25.0,2585.9,0.53,189431,249364,0,62248,0,9780,12095,219571,0,,1274,1975,79,433,1480739,187,7386,"12306,1053,4352,5401,10948,22321,46270,96400,138764,189976,216464,250059,268403,200265,17757,0,0,0,0,0,0,0,0,0",439674,1033492,0.0,6.5,0.8,4.1,5.1,42.7,18.3,0,0,0,0,0,0
grid10_M6_r0.3_s42_A25,grid-landmark,6,A25.mvh,cache-off,0,,17164,197696,251680,7918,1.9516,2.130621699965559,35302383,8868446,16966196,5190504,7573,0.0051143381784365775,46,0,0,365790,True,True,True,557b9e356b1cf73335c8e0ac4347a4c026cf7e89f9413a9a344272f6f5128bc3,0,"30115,26,53,1725,1823,1938,5062,5249,6958,14083,44705,34222,46380,58022,11098,0,0,0,0,0,0,0,0,0",25.0,2585.9,0.53,189431,249364,0,62248,0,9780,12095,219571,0,,1274,1975,79,433,1480739,187,7386,"12306,1053,4352,5401,10948,22321,46270,96400,138764,189976,216464,250059,268403,200265,17757,0,0,0,0,0,0,0,0,0",439674,1033492,0.0,6.3,0.8,4.2,4.6,42.5,18.4,0,0,0,0,0,0
grid10_M6_r0.3_s42_A25,grid-landmark,6,A25.mvh,cache-off,1,,17164,197696,251680,7918,1.9123,2.0413464999874122,35302383,8868446,16966196,5190504,7573,0.0051143381784365775,46,0,0,365790,True,True,True,557b9e356b1cf73335c8e0ac4347a4c026cf7e89f9413a9a344272f6f5128bc3,0,"30115,26,53,1725,1823,1938,5062,5249,6958,14083,44705,34222,46380,58022,11098,0,0,0,0,0,0,0,0,0",25.0,2585.9,0.53,189431,249364,0,62248,0,9780,12095,219571,0,,1274,1975,79,433,1480739,187,7386,"12306,1053,4352,5401,10948,22321,46270,96400,138764,189976,216464,250059,268403,200265,17757,0,0,0,0,0,0,0,0,0",439674,1033492,0.0,6.5,0.8,4.3,4.8,43.1,18.5,0,0,0,0,0,0
grid10_M6_r0.3_s42_A25,grid-landmark,6,A25.mvh,FAST-MVH,1,,17164,197696,251680,7918,2.0910,2.214268899988383,35444618,8878834,16966196,5034796,7573,0.0051143381784365775,46,46106,25986,365790,True,True,True,557b9e356b1cf73335c8e0ac4347a4c026cf7e89f9413a9a344272f6f5128bc3,0,"30115,26,53,1725,1823,1938,5062,5249,6958,14083,44705,34222,46380,58022,11098,0,0,0,0,0,0,0,0,0",25.0,2585.9,0.53,189431,249364,0,62248,0,9780,12095,219571,0,,1274,1975,79,433,1480739,187,7386,"12306,1053,4352,5401,10948,22321,46270,96400,138764,189976,216464,250059,268403,200265,17757,0,0,0,0,0,0,0,0,0",439674,1033492,0.0,6.5,0.8,4.1,5.1,42.7,18.4,0,0,0,0,0,0
grid10_M6_r0.3_s42_A25,grid-landmark,6,A25.mvh,FAST-MVH,2,,17164,197696,251680,7918,2.1555,2.3415876000071876,35444618,8878834,16966196,5034796,7573,0.0051143381784365775,46,46106,25986,365790,True,True,True,557b9e356b1cf73335c8e0ac4347a4c026cf7e89f9413a9a344272f6f5128bc3,0,"30115,26,53,1725,1823,1938,5062,5249,6958,14083,44705,34222,46380,58022,11098,0,0,0,0,0,0,0,0,0",25.0,2585.9,0.53,189431,249364,0,62248,0,9780,12095,219571,0,,1274,1975,79,433,1480739,187,7386,"12306,1053,4352,5401,10948,22321,46270,96400,138764,189976,216464,250059,268403,200265,17757,0,0,0,0,0,0,0,0,0",439674,1033492,0.0,6.5,0.8,4.2,5.2,43.0,18.5,0,0,0,0,0,0
grid10_M6_r0.3_s42_A25,grid-landmark,6,A25.mvh,cache-off,2,,17164,197696,251680,7918,1.8457,1.988581100013107,35302383,8868446,16966196,5190504,7573,0.0051143381784365775,46,0,0,365790,True,True,True,557b9e356b1cf73335c8e0ac4347a4c026cf7e89f9413a9a344272f6f5128bc3,0,"30115,26,53,1725,1823,1938,5062,5249,6958,14083,44705,34222,46380,58022,11098,0,0,0,0,0,0,0,0,0",25.0,2585.9,0.53,189431,249364,0,62248,0,9780,12095,219571,0,,1274,1975,79,433,1480739,187,7386,"12306,1053,4352,5401,10948,22321,46270,96400,138764,189976,216464,250059,268403,200265,17757,0,0,0,0,0,0,0,0,0",439674,1033492,0.0,6.4,0.8,4.2,4.7,43.2,18.4,0,0,0,0,0,0
grid10_M3_r-0.6_s42_apex,grid-apex,3,apex.mvh,BASE,archive,C:\Users\BARFE\.copilot\repos\copilot-worktrees\fast-mvh-kdt\barfe-aicahub-jubilant-engine\scratchpad\runs\refA\grid10_M3_r-0.6_s42_apex_MAYA.sol,1602,9499,28507,9643,0.0653,,,,,,2468,,,,,,,,,a754fac3f170a7f6754153fce574e580691ebf6d4bafddcb1bb0390d423c8995,0,,,,,,,,,,,,,,2468,,,,,,,,,,,,,,,,,,,,,,,
grid10_M3_r-0.6_s42_apex,grid-apex,3,apex.mvh,FAST-MVH,0,,1602,9499,28507,9643,0.0503,0.15431300003547221,1126220,174396,917044,4284138,3805,0.056641410006401,0,937063,164919,1348404,True,True,True,a754fac3f170a7f6754153fce574e580691ebf6d4bafddcb1bb0390d423c8995,0,"98,168,248,1399,3761,20365,19953,0,0,0,0,0,0,0,0,0,0,0,0,0,0,0,0,0",92.5,28.6,23.80,6194,26984,0,22312,0,17486,19008,0,0,,0,23482,75,0,67177,1771,2034,"5934,1786,2776,6396,22087,25562,2636,0,0,0,0,0,0,0,0,0,0,0,0,0,0,0,0,0",34449,28923,1.3,17.9,18.4,4.2,2.5,14.7,3.1,0,0,0,0,0,0
grid10_M3_r-0.6_s42_apex,grid-apex,3,apex.mvh,cache-off,0,,1602,9499,28507,9643,0.0723,0.19203920004656538,1126220,174396,917044,6055857,3805,0.056641410006401,0,0,0,1348404,True,True,True,a754fac3f170a7f6754153fce574e580691ebf6d4bafddcb1bb0390d423c8995,0,"98,168,248,1399,3761,20365,19953,0,0,0,0,0,0,0,0,0,0,0,0,0,0,0,0,0",92.5,28.6,23.80,6194,26984,0,22312,0,17486,19008,0,0,,0,23482,75,0,67177,1771,2034,"5934,1786,2776,6396,22087,25562,2636,0,0,0,0,0,0,0,0,0,0,0,0,0,0,0,0,0",34449,28923,1.0,22.7,18.4,3.5,1.9,12.6,3.0,0,0,0,0,0,0
grid10_M3_r-0.6_s42_apex,grid-apex,3,apex.mvh,cache-off,1,,1602,9499,28507,9643,0.0715,0.18433190003270283,1126220,174396,917044,6055857,3805,0.056641410006401,0,0,0,1348404,True,True,True,a754fac3f170a7f6754153fce574e580691ebf6d4bafddcb1bb0390d423c8995,0,"98,168,248,1399,3761,20365,19953,0,0,0,0,0,0,0,0,0,0,0,0,0,0,0,0,0",92.5,28.6,23.80,6194,26984,0,22312,0,17486,19008,0,0,,0,23482,75,0,67177,1771,2034,"5934,1786,2776,6396,22087,25562,2636,0,0,0,0,0,0,0,0,0,0,0,0,0,0,0,0,0",34449,28923,0.8,22.1,19.3,3.4,2.0,12.3,2.8,0,0,0,0,0,0
grid10_M3_r-0.6_s42_apex,grid-apex,3,apex.mvh,FAST-MVH,1,,1602,9499,28507,9643,0.0574,0.16851009998936206,1126220,174396,917044,4284138,3805,0.056641410006401,0,937063,164919,1348404,True,True,True,a754fac3f170a7f6754153fce574e580691ebf6d4bafddcb1bb0390d423c8995,0,"98,168,248,1399,3761,20365,19953,0,0,0,0,0,0,0,0,0,0,0,0,0,0,0,0,0",92.5,28.6,23.80,6194,26984,0,22312,0,17486,19008,0,0,,0,23482,75,0,67177,1771,2034,"5934,1786,2776,6396,22087,25562,2636,0,0,0,0,0,0,0,0,0,0,0,0,0,0,0,0,0",34449,28923,1.6,17.5,17.8,3.9,2.4,14.3,3.2,0,0,0,0,0,0
grid10_M3_r-0.6_s42_apex,grid-apex,3,apex.mvh,FAST-MVH,2,,1602,9499,28507,9643,0.0583,0.19507710001198575,1126220,174396,917044,4284138,3805,0.056641410006401,0,937063,164919,1348404,True,True,True,a754fac3f170a7f6754153fce574e580691ebf6d4bafddcb1bb0390d423c8995,0,"98,168,248,1399,3761,20365,19953,0,0,0,0,0,0,0,0,0,0,0,0,0,0,0,0,0",92.5,28.6,23.80,6194,26984,0,22312,0,17486,19008,0,0,,0,23482,75,0,67177,1771,2034,"5934,1786,2776,6396,22087,25562,2636,0,0,0,0,0,0,0,0,0,0,0,0,0,0,0,0,0",34449,28923,1.4,18.3,17.6,4.2,2.5,14.6,3.2,0,0,0,0,0,0
grid10_M3_r-0.6_s42_apex,grid-apex,3,apex.mvh,cache-off,2,,1602,9499,28507,9643,0.0632,0.1805327000329271,1126220,174396,917044,6055857,3805,0.056641410006401,0,0,0,1348404,True,True,True,a754fac3f170a7f6754153fce574e580691ebf6d4bafddcb1bb0390d423c8995,0,"98,168,248,1399,3761,20365,19953,0,0,0,0,0,0,0,0,0,0,0,0,0,0,0,0,0",92.5,28.6,23.80,6194,26984,0,22312,0,17486,19008,0,0,,0,23482,75,0,67177,1771,2034,"5934,1786,2776,6396,22087,25562,2636,0,0,0,0,0,0,0,0,0,0,0,0,0,0,0,0,0",34449,28923,0.8,23.1,19.6,3.7,2.1,12.9,2.9,0,0,0,0,0,0
grid8_M6_r0.0_s42_apex5,grid-apex,6,apex5.mvh,BASE,archive,C:\Users\BARFE\.copilot\repos\copilot-worktrees\fast-mvh-kdt\barfe-aicahub-jubilant-engine\scratchpad\runs\refA\grid8_M6_r0.0_s42_apex5_MAYA.sol,9412,32318,43645,4391,1.7945,,,,,,3272,,,,,,,,,c925826aaa8be934857b2986709441c21201eeba4798166dcfee513104ba9dc1,0,,,,,,,,,,,,,,3272,,,,,,,,,,,,,,,,,,,,,,,
grid8_M6_r0.0_s42_apex5,grid-apex,6,apex5.mvh,FAST-MVH,0,,9412,33256,46114,5002,0.3753,0.6043344000354409,5519803,1259217,2237922,12603454,2266,0.011271613044429854,14,2250943,401252,3329785,False,False,False,d3493202c95e489686ab4f4f0df8fcd6c008425edbb5950eb0280b6470dc28d9,0,"76,72,112,106,165,372,401,1021,2348,4832,11292,23816,42161,0,0,0,0,0,0,0,0,0,0,0",98.2,1960.6,28.02,18845,74498,0,27268,0,40661,12276,0,0,,0,88320,58,97,201036,74,2192,"14374,950,1221,2307,3400,6511,11746,16690,23914,36285,40589,29328,13721,0,0,0,0,0,0,0,0,0,0,0",105562,93208,1.0,34.0,12.6,2.4,5.3,19.0,13.0,0,0,0,0,0,0
