M,eps,exp,family,name,sols,f2_over_f,fast2_cmp_chooseh,fast2_cmp_full,fast2_cmpchk,fast2_cmpupd,fast2_med,fast2_min,fast2_n,fast2_num_bad_fallback,fast2_num_frontier_trees,fast2_num_full_dominance_check,fast2_num_generation,fast2_num_good_fallback,fast2_num_reinsertion,fast2_status,fast_cmp_chooseh,fast_cmp_full,fast_cmpchk,fast_cmpupd,fast_med,fast_min,fast_n,fast_num_bad_fallback,fast_num_fallback_indexed,fast_num_full_dominance_check,fast_num_generation,fast_num_good_fallback,fast_status,identical,maya_med,maya_min,maya_n,maya_num_bad_fallback,maya_num_full_dominance_check,maya_num_generation,maya_num_good_fallback,maya_num_reinsertion,maya_partial,maya_status,speedup
3,0.0,9500,grid,grid10_M3,1602,1.375,6057158,917142,1126444,174432,0.051,0.044,3,1772,0,3806,28510,2034,9644,ok,6057158,112393,1126444,174432,0.034,0.032,3,1772,8847,3806,28510,2034,ok,True,0.058,0.058,3,781,2468,28510,1687,9644,,ok,1.8125
4,0.05,53652,grid,grid10_M4,11330,1.3609467455621302,17755057,14978592,11657134,2673319,0.511,0.46,3,1957,12,11778,101342,9821,22557,ok,17755057,808785,11657134,2673319,0.342,0.338,3,1957,42484,11778,101342,9821,ok,True,1.873,1.738,3,4621,12751,101342,8130,22557,,ok,5.1420118343195265
5,0.05,33005,grid,grid8_M5,9412,1.1991701244813278,9977154,3270447,6092438,1391715,0.299,0.289,3,141,12,3164,45004,3023,4693,ok,9977154,203695,6092438,1391715,0.263,0.241,3,141,19210,3164,45004,3023,ok,True,1.593,1.473,3,954,3608,45004,2654,4693,,ok,6.112033195020747
6,0.05,179297,grid,grid8_M6,70196,1.269263698630137,66978795,81180483,32617352,7414210,2.971,2.965,3,367,18,14804,231496,14437,22845,ok,66978795,1861439,32617352,7414210,2.554,2.336,3,367,114876,14804,231496,14437,ok,True,92.031,92.031,1,2914,14548,231496,11634,22845,,ok,39.396832191780824
3,0.1,12346,bay,bay8_M3,238,2.2222222222222223,2884114,3398,2277808,172833,0.04,0.04,3,26,1,162,45393,136,4990,ok,2884114,1534,2277808,172833,0.019,0.018,3,26,3177,162,45393,136,ok,True,0.053,0.053,3,1280,1386,45393,106,4990,,ok,2.9444444444444446
3,0.1,347498,bay,bay16_M3,3534,2.7264296754250386,9277968,1139301,78025258,11599740,1.81,1.764,3,588,11,5783,893319,5195,19212,ok,9277968,144246,78025258,11599740,0.661,0.647,3,588,232240,5783,893319,5195,ok,True,2.717,2.673,3,14163,18358,893319,4195,19212,,ok,4.131375579598145
4,0.1,157704,bay,bay8_M4,3716,2.0168195718654434,26773956,707326,50861525,6915616,1.346,1.319,3,96,210,6414,492419,6318,49544,ok,26773956,51401,50861525,6915616,0.662,0.654,3,96,18151,6414,492419,6318,ok,True,20.05,20.05,1,88707,94565,492419,5858,49544,,ok,30.65749235474006
4,0.01,144117,ny,nyr5k_M4,7105,1.7153088630259623,76651854,28961528,39818647,6075273,2.035,1.916,3,2062,61,58440,547577,56378,105698,ok,76651854,2753207,39818647,6075273,1.157,1.117,3,2062,108560,58440,547577,56378,ok,True,10.936,10.936,1,56629,110799,547577,54170,105698,,ok,9.7905102954342
4,0.05,195594,ny,nyr8k_M4,5713,1.7284403669724768,40715114,2255544,56678702,7300843,1.896,1.884,3,402,212,5439,614621,5037,98340,ok,40715114,155667,56678702,7300843,1.095,1.09,3,402,46629,5439,614621,5037,ok,True,43.217,43.217,1,82597,87280,614621,4683,98340,,ok,39.64862385321101
6,0.05,127349,ny,nyr3k_M6,11286,1.2388059701492538,45485578,42810,34786138,2115382,1.496,1.494,3,0,77,333,315007,333,19322,ok,45485578,1450,34786138,2115382,1.276,1.206,3,0,1715,333,315007,333,ok,True,119.928,119.928,1,40460,40741,315007,281,19322,,ok,99.44278606965175
5,0.05,503505,ny,nyr5k_M5,26701,1.5856334041047415,167436153,93212930,114367941,15990763,9.085,8.962,3,9131,222,91934,1575429,82803,225534,ok,167436153,4832631,114367941,15990763,5.884,5.652,3,9131,354625,91934,1575429,82803,ok,True,201.24,201.24,1,197556,273141,1575429,75585,225534,,ok,35.605095541401276
5,0.1,2049014,ny,nyr8k_M5,57902,1.3830998136947146,568582915,444885192,530218861,44054291,54.194,54.194,1,664,517,75986,5497968,75322,429791,ok,568582915,4550756,530218861,44054291,39.183,39.183,1,664,306249,75986,5497968,75322,ok,True,,,0,,,,,,,,
6,0.1,2642117,ny,nyr5k_M6,184366,1.4119261726735957,1396800548,1096921706,835426684,71773732,98.76,98.76,1,9436,391,185455,6762627,176019,471216,ok,1396800548,13270018,835426684,71773732,69.947,69.947,1,9436,1315760,185455,6762627,176019,ok,True,,,0,,,,,,,,
4,0.1,2881236,bay,bay16_M4,55069,1.907175112895133,173912382,87720614,519369645,74539249,41.811,41.811,1,2850,1384,52298,6896053,49448,137630,ok,173912382,2355693,519369645,74539249,21.923,21.923,1,2850,1907771,52298,6896053,49448,ok,True,,,0,,,,,,600s/46219sols,timeout,
5,0.1,1195876,bay,bay8_M5,33104,1.4563193136639463,617018555,35302419,354655872,28382974,27.839,27.839,1,400,629,45531,3324340,45131,263021,ok,617018555,1304404,354655872,28382974,19.116,19.116,1,400,123462,45531,3324340,45131,ok,True,,,0,,,,,,600.001s/9145sols,timeout,
