M,eps,exp,family,name,sols,f2_over_f,fast2_cmp_chooseh,fast2_cmp_full,fast2_cmpchk,fast2_cmpupd,fast2_med,fast2_min,fast2_n,fast2_num_bad_fallback,fast2_num_frontier_trees,fast2_num_full_dominance_check,fast2_num_generation,fast2_num_good_fallback,fast2_num_reinsertion,fast2_status,fast_cmp_chooseh,fast_cmp_full,fast_cmpchk,fast_cmpupd,fast_med,fast_min,fast_n,fast_num_bad_fallback,fast_num_fallback_indexed,fast_num_full_dominance_check,fast_num_generation,fast_num_good_fallback,fast_status,identical,maya_med,maya_min,maya_n,maya_num_bad_fallback,maya_num_full_dominance_check,maya_num_generation,maya_num_good_fallback,maya_num_reinsertion,maya_status,speedup
5,0.1,34871,bay,bay800_M5,7617,1.1342592592592593,9450865,0,6376508,1224112,0.248,0.245,3,0,23,0,55578,0,4556,ok,9450865,0,6376508,1224112,0.219,0.216,3,0,0,0,55578,0,ok,True,5.983,5.983,1,70,70,55578,0,4556,ok,27.699074074074073
7,0.05,91704,grid,grid_n7_m7_rho-0.2,32643,1.0853217642805495,40731784,14253902,18620357,4509524,1.597,1.501,3,359,17,7418,114305,7059,9758,ok,40731784,594988,18620357,4509524,1.418,1.383,3,359,44864,7418,114305,7059,ok,True,24.513,24.513,1,1612,6592,114305,4980,9758,ok,17.724511930585685
8,0.05,99244,grid,grid_n6_m8_rho-0.2,47079,1.2996515679442509,21504734,97372215,18669773,6083572,2.162,1.865,3,855,13,10701,121115,9846,9424,ok,21504734,2203027,18669773,6083572,1.465,1.435,3,855,74271,10701,121115,9846,ok,True,36.956,36.956,1,3359,12117,121115,8758,9424,ok,25.753310104529618
7,0.05,132959,grid,grid_n7_m7_rho-0.4,49884,1.1296370163542082,81169757,37595701,27003343,6444791,2.929,2.832,3,617,19,13387,173208,12770,16890,ok,81169757,1289210,27003343,6444791,2.508,2.507,3,617,79172,13387,173208,12770,ok,True,57.64,57.64,1,2769,11788,173208,9019,16890,ok,22.991623454327883
6,0.05,293896,grid,grid_n8_m6_rho-0.2,104480,1.2689678742310322,168145267,277487335,54402523,12580176,8.033,7.426,3,2268,24,39359,431669,37091,65806,ok,168145267,4901244,54402523,12580176,6.247,5.852,3,2268,198192,39359,431669,37091,ok,True,320.693,320.693,1,14597,43202,431669,28605,65806,ok,54.80058099794941
6,0.1,351954,bay,bay800_M6,94886,1.2873808741373645,211619776,2092282,91253844,14387111,7.875,7.835,3,0,38,80,487022,80,31371,ok,211619776,1791,91253844,14387111,6.105,6.086,3,0,218,80,487022,80,ok,True,,,0,,,,,,,
7,0.05,373533,grid,grid_n8_m7_rho-0.2,124943,1.186048849130566,246362858,264202027,91865960,21141316,12.267,11.8,3,686,31,30060,485263,29374,38271,ok,246362858,4132680,91865960,21141316,10.337,9.949,3,686,224278,30060,485263,29374,ok,True,,,0,,,,,,,
8,0.05,445827,grid,grid_n7_m8_rho-0.2,175239,1.712984431931103,180300483,1356354053,123042573,35939142,20.739,20.686,3,1131,22,74047,571967,72916,64956,ok,180300483,13582331,123042573,35939142,12.737,12.076,3,1131,290377,74047,571967,72916,ok,True,,,0,,,,,,,
7,0.05,815838,grid,grid_9x9_m7_rho-0.4,266224,1.5978686493184635,224637487,1956529957,197794759,51469195,32.237,32.237,1,2732,40,101098,1087533,98366,140048,ok,224637487,20880389,197794759,51469195,20.175,20.175,1,2732,577954,101098,1087533,98366,ok,True,,,0,,,,,,,
8,0.05,1033696,grid,grid_8x8_m8_rho-0.4,366205,,,,,,,,0,,,,,,,,293061281,10176178,362177981,111824204,40.545,40.545,1,420,567212,46995,1264309,46575,ok,True,,,0,,,,,,,
7,0.05,1305173,grid,grid_9x9_m7_rho0.0,416597,,,,,,,,0,,,,,,,,409805987,40745174,375958057,95346348,43.4,43.4,1,8198,873495,141645,1842314,133447,ok,True,,,0,,,,,,,
8,0.05,3092094,grid,grid_8x8_m8_rho-0.2,1082326,,,,,,,,0,,,,,,,,1064714621,162527086,1413737597,515753498,182.536,182.536,1,7008,2418504,300269,3919996,293261,ok,True,,,0,,,,,,,
