idx,instance,domain,M,rho,eps,sols,exp,gen,fast3_time_s,runtime_s,cmpchk,cmpupd,cmp_chooseh,cmp_full,num_full_dom,num_good_fallback,num_bad_fallback,match_fast2
1,bay_800_5d,ROAD_BAY,5,Road Network,0.1,7617,34885,55637,0.4244,0.216,6336479,1220946,9482806,0,0,0,0,EXACT
2,grid_n7_m7_rho-0.2,GRID_APEX,7,-0.2,0.05,32643,91704,114304,1.5311,1.301,18613666,4508796,41159243,1327230,7418,7059,359,EXACT
3,grid_n6_m8_rho-0.2,GRID_APEX,8,-0.2,0.05,47079,99244,121115,1.7733,1.437,18654091,6055301,20986222,5551437,10701,9846,855,EXACT
4,grid_n7_m7_rho-0.4,GRID_APEX,7,-0.4,0.05,49884,132959,173207,2.7592,2.415,26939801,6439059,80274672,3064740,13387,12770,617,EXACT
5,grid_n8_m6_rho-0.2,GRID_APEX,6,-0.2,0.05,104480,293896,431667,6.3614,5.794,54224813,12588234,166293239,14274320,39359,37091,2268,EXACT
6,bay_800_6d,ROAD_BAY,6,Road Network,0.1,94886,352012,487582,7.6364,6.606,90200822,14053302,214948135,9993,80,80,0,EXACT
7,grid_n8_m7_rho-0.2,GRID_APEX,7,-0.2,0.05,124943,373533,485268,15.1718,14.194,91811394,21104988,247041828,14292353,30060,29374,686,EXACT
8,grid_n7_m8_rho-0.2,GRID_APEX,8,-0.2,0.05,175239,445827,571978,19.0026,17.981,122994951,35939536,179791675,51586666,74047,72916,1131,EXACT
9,grid_9x9_m7_rho-0.4,GRID_APEX,7,-0.4,0.05,266224,815838,1087515,29.4665,28.267,197781991,51476823,225228307,73042741,101100,98368,2732,EXACT
10,grid_8x8_m8_rho-0.4,GRID_APEX,8,-0.4,0.05,366205,1033695,1264825,48.538,46.907,360708021,111588809,291998694,49638614,46996,46576,420,EXACT
11,grid_9x9_m7_rho0.0,GRID_APEX,7,0.0,0.05,416597,1305173,1843213,58.6525,57.023,375419914,95199480,407719169,173059061,141648,133450,8198,EXACT
12,grid_8x8_m8_rho-0.2,GRID_APEX,8,-0.2,0.05,1082326,3092096,3920175,1158.9124,1154.07,1412632831,515146822,1060775339,1619800917,300269,293261,7008,EXACT
