Name,Solver,Wall,Sols,Expansions,Generations,cmpchk,cmpupd
bay_2k_5d,Maya,>10800,TIMEOUT,,,,
bay_2k_5d,FAST,ERR,ERR,,,,
bay_2k_5d,FAST2,ERR,ERR,,,,
bay_2k_6d,Maya,>10800,TIMEOUT,,,,
bay_2k_6d,FAST,ERR,ERR,,,,
bay_2k_6d,FAST2,ERR,ERR,,,,
grid_n8_m6_rho-0.2,Maya,>10800,TIMEOUT,,,,
grid_n8_m6_rho-0.2,FAST,ERR,ERR,,,,
grid_n8_m6_rho-0.2,FAST2,ERR,ERR,,,,
bay_2k_7d,Maya,>10800,TIMEOUT,,,,
bay_2k_7d,FAST,ERR,ERR,,,,
bay_2k_7d,FAST2,ERR,ERR,,,,
grid_n7_m7_rho-0.2,Maya,>10800,TIMEOUT,,,,
grid_n7_m7_rho-0.2,FAST,ERR,ERR,,,,
grid_n7_m7_rho-0.2,FAST2,ERR,ERR,,,,
bay_2k_8d,Maya,>10800,TIMEOUT,,,,
bay_2k_8d,FAST,ERR,ERR,,,,
bay_2k_8d,FAST2,ERR,ERR,,,,
grid_n6_m8_rho-0.2,Maya,>10800,TIMEOUT,,,,
grid_n6_m8_rho-0.2,FAST,ERR,ERR,,,,
grid_n6_m8_rho-0.2,FAST2,ERR,ERR,,,,
grid_n7_m7_rho-0.4,Maya,>10800,TIMEOUT,,,,
grid_n7_m7_rho-0.4,FAST,ERR,ERR,,,,
grid_n7_m7_rho-0.4,FAST2,ERR,ERR,,,,
