timestamp,N,M,rho,K,solutions,expansions,generations,reinsertions,time_fast_s,time_maya_s,speedup_vs_maya,cmp_chooseh_fast,cmp_chooseh_maya,ops_reduction,total_cmp_fast,soundness,maya_status
2026-09-25 14:28:13,6,6,0.0,25,3269,16487,21786,1642,0.1284822000307031,0.6077226000488736,4.730013962273743,583917,104476007,178.92270134282782,6226608,BIT_IDENTICAL,OK
2026-09-25 14:28:15,6,6,-0.2,25,4680,21785,30315,2270,0.17191779997665435,0.9050557999871671,5.26446825232797,899028,161493027,179.6306978203126,7802386,BIT_IDENTICAL,OK
2026-09-25 14:28:16,6,6,0.0,50,3269,16532,21868,1670,0.1262731999740936,0.6944161999854259,5.499315770313047,604328,132534171,219.30834083477848,6250191,BIT_IDENTICAL,OK
2026-09-25 14:32:53,8,6,0.0,25,71405,295885,377160,23348,5.1596567000378855,272.1813733000308,52.75183779146242,12839937,23863312280,1858.5225363644697,265506237,BIT_IDENTICAL,OK
2026-09-25 14:37:19,8,6,-0.2,25,83438,358779,506476,42989,9.284486200020183,256.2534108000109,27.600171434306603,19910233,27908470162,1401.714895149645,490123909,BIT_IDENTICAL,OK
2026-09-25 14:40:32,8,6,0.0,50,71406,296548,378180,23626,5.21222459996352,187.30126019997988,35.93499409087068,13332414,36874329940,2765.7654450274345,268393141,BIT_IDENTICAL,OK
2026-09-25 15:41:36,10,6,0.0,25,133699,1414924,1789749,76117,58.565132799965795,>3600s,> 61.5x,68459210,,> 1000x,6996754087,UNVERIFIED (Maya Timed Out),TIMEOUT
2026-09-25 15:51:45,5,7,0.0,25,1694,5370,7142,394,0.45681549998698756,0.7995523000136018,1.7502740166136594,230327,16807143,72.97078935600256,1456486,BIT_IDENTICAL,OK
2026-09-25 15:51:52,5,7,-0.2,25,3453,12203,13908,657,1.5386932999826968,3.641019899980165,2.3663064627766364,604473,104772151,173.3280907501245,4357824,BIT_IDENTICAL,OK
2026-09-25 15:52:38,6,7,0.0,25,8987,38515,44550,1800,5.99285979999695,37.019890299998224,6.177332948789669,1538810,716630485,465.704333218526,17684850,BIT_IDENTICAL,OK
2026-09-25 15:53:28,6,7,-0.2,25,10580,47387,59260,4541,3.993983099993784,43.143972200050484,10.80224205258095,2242471,925934221,412.9080023777342,27564988,BIT_IDENTICAL,OK
2026-09-25 15:54:12,6,7,0.0,50,8987,38565,44666,1839,3.56805629999144,38.7867129999795,10.870543999003758,1581361,890883792,563.3652227416763,17841103,BIT_IDENTICAL,OK
2026-09-25 16:11:38,7,7,0.0,25,59157,221389,280264,17741,37.742762200010475,1001.1576109000016,26.525817204224754,11008051,24481503078,2223.963449842302,208604461,BIT_IDENTICAL,OK
2026-09-25 17:16:08,8,7,0.0,25,192162,823682,1009025,43475,264.58413969998946,>3600s,> 13.6x,54288160,,> 1000x,2577111697,UNVERIFIED (Maya Timed Out),TIMEOUT
2026-09-25 17:16:09,5,8,0.0,25,5877,13819,15965,651,0.13278990000253543,1.2211854999768548,9.196373368407823,437183,201461963,460.81838269100126,3396072,BIT_IDENTICAL,OK
2026-09-25 17:16:11,5,8,-0.2,25,4701,12291,14915,974,0.13059319998137653,0.9455623000394553,7.240517118611833,500173,141316763,282.53576862405606,4135475,BIT_IDENTICAL,OK
2026-09-25 17:16:37,6,8,0.0,25,22726,65839,79425,5774,0.8507911000051536,25.047726799966767,29.440513423112964,4090495,2386386509,583.3979772619206,22602974,BIT_IDENTICAL,OK
2026-09-25 17:17:14,6,8,-0.2,25,28284,83866,107703,9081,1.1008716999785975,35.485029299976304,32.233573903903775,5499873,3241257709,589.3331916936991,28895003,BIT_IDENTICAL,OK
2026-09-25 17:17:46,6,8,0.0,50,22726,65885,79523,5830,0.8145744000212289,30.689488400006667,37.67548845041884,4170834,3021224568,724.3694110098844,22670847,BIT_IDENTICAL,OK
2026-09-25 17:21:30,7,8,0.0,25,75169,287802,359716,21314,8.733909899950959,214.2311187000014,24.528661407556346,22187628,31449619549,1417.4394644168362,247432858,BIT_IDENTICAL,OK
2026-09-25 18:22:54,8,8,0.0,25,369351,1521453,1865369,99716,73.7154065000359,>3600s,> 48.8x,201597168,,> 1000x,2020628300,UNVERIFIED (Maya Timed Out),TIMEOUT
2026-09-25 23:42:50,10,6,0.0,25,133699,1414924,1789749,76117,58.565,6655.261336100055,113.63888561598318,68459210,244918399246,3577.581442233996,,BIT_IDENTICAL (UNBOUNDED_RERUN),OK_UNBOUNDED
2026-09-26 01:36:24,8,7,0.0,25,192162,823682,1009025,43475,264.584,6813.045995399996,25.75003021875849,54288160,248313937774,4573.998046240654,,BIT_IDENTICAL (UNBOUNDED_RERUN),OK_UNBOUNDED
2026-09-26 04:06:22,8,8,0.0,25,369351,1521453,1865369,99716,73.715,8995.45092089998,122.03012847995632,201597168,675720363373,3351.834602026751,,BIT_IDENTICAL (UNBOUNDED_RERUN),OK_UNBOUNDED
