N,M,rho,K,algo,pass_idx,timeout_limit,timed_out,wall_clock_s,num_solutions,num_expansion,num_generation,cmpchk,cmpupd,cmp_chooseh,time_limit_reached
10,3,0.0,10,L_NAMOA_DR_MVH_INSTRUMENTED,1,60,False,0.2769358158111572,891,24400,41394,175974,,4143506,0
10,3,0.0,10,L_NAMOA_DR_MVH_KDT,1,60,False,5.643063545227051,,,,,,,
10,3,0.0,10,L_NAMOA_KDT_CHOOSEH,1,60,False,0.25940680503845215,891,24400,41394,175974,,10238276,0
10,3,0.0,25,L_NAMOA_DR_MVH_INSTRUMENTED,1,60,False,0.17186665534973145,891,24493,41657,178939,,5755887,0
10,3,0.0,25,L_NAMOA_DR_MVH_KDT,1,60,False,6.429711580276489,,,,,,,
10,3,0.0,25,L_NAMOA_KDT_CHOOSEH,1,60,False,0.26320838928222656,891,24493,41657,178939,,14817002,0
10,3,0.0,50,L_NAMOA_DR_MVH_INSTRUMENTED,1,60,False,0.17242169380187988,891,24648,41971,182759,,8031917,0
10,3,0.0,50,L_NAMOA_DR_MVH_KDT,1,60,False,5.115161418914795,,,,,,,
10,3,0.0,50,L_NAMOA_KDT_CHOOSEH,1,60,False,0.40381860733032227,891,24648,41971,182759,,19626650,0
10,3,0.0,100,L_NAMOA_DR_MVH_INSTRUMENTED,1,60,False,0.2317514419555664,891,24693,42166,183976,,12133661,0
10,3,0.0,100,L_NAMOA_DR_MVH_KDT,1,60,False,5.262901782989502,,,,,,,
10,3,0.0,100,L_NAMOA_KDT_CHOOSEH,1,60,False,0.27291250228881836,891,24693,42166,183976,,23422236,0
10,3,-0.3,10,L_NAMOA_DR_MVH_INSTRUMENTED,1,60,False,0.18683815002441406,753,17257,36617,122692,,2233554,0
10,3,-0.3,10,L_NAMOA_DR_MVH_KDT,1,60,False,4.813839673995972,,,,,,,
10,3,-0.3,10,L_NAMOA_KDT_CHOOSEH,1,60,False,0.12514495849609375,753,17257,36617,122692,,3068845,0
10,3,-0.3,25,L_NAMOA_DR_MVH_INSTRUMENTED,1,60,False,0.12643027305603027,758,19390,40262,137147,,5119191,0
10,3,-0.3,25,L_NAMOA_DR_MVH_KDT,1,60,False,5.487466335296631,,,,,,,
10,3,-0.3,25,L_NAMOA_KDT_CHOOSEH,1,60,False,0.15581679344177246,758,19390,40262,137147,,6380620,0
10,3,-0.3,50,L_NAMOA_DR_MVH_INSTRUMENTED,1,60,False,0.15327930450439453,758,19501,40454,138414,,8235454,0
10,3,-0.3,50,L_NAMOA_DR_MVH_KDT,1,60,False,5.4823949337005615,,,,,,,
10,3,-0.3,50,L_NAMOA_KDT_CHOOSEH,1,60,False,0.16983294486999512,758,19501,40454,138414,,7531930,0
10,3,-0.3,100,L_NAMOA_DR_MVH_INSTRUMENTED,1,60,False,0.17073798179626465,796,20365,42500,149221,,15831082,0
10,3,-0.3,100,L_NAMOA_DR_MVH_KDT,1,60,False,11.847457647323608,,,,,,,
10,3,-0.3,100,L_NAMOA_KDT_CHOOSEH,1,60,False,0.5311973094940186,796,20365,42500,149221,,12146425,0
10,3,-0.6,10,L_NAMOA_DR_MVH_INSTRUMENTED,1,60,False,1.5934159755706787,930,38129,61077,245981,,9653128,0
10,3,-0.6,10,L_NAMOA_DR_MVH_KDT,1,60,False,11.160598993301392,,,,,,,
10,3,-0.6,10,L_NAMOA_KDT_CHOOSEH,1,60,False,1.4041590690612793,930,38129,61077,245981,,19745252,0
10,3,-0.6,25,L_NAMOA_DR_MVH_INSTRUMENTED,1,60,False,2.254972457885742,930,38423,62063,252700,,15949818,0
10,3,-0.6,25,L_NAMOA_DR_MVH_KDT,1,60,False,38.30482244491577,,,,,,,
10,3,-0.6,25,L_NAMOA_KDT_CHOOSEH,1,60,False,7.34756326675415,930,38423,62063,252700,,27163727,0
10,3,-0.6,50,L_NAMOA_DR_MVH_INSTRUMENTED,1,60,False,7.157756567001343,930,38691,62714,256785,,26509780,0
10,3,-0.6,50,L_NAMOA_DR_MVH_KDT,1,60,False,41.90222883224487,,,,,,,
10,3,-0.6,50,L_NAMOA_KDT_CHOOSEH,1,60,False,7.953989505767822,930,38691,62714,256785,,35670676,0
10,3,-0.6,100,L_NAMOA_DR_MVH_INSTRUMENTED,1,60,False,8.795194149017334,947,40168,65468,272145,,51214297,0
10,3,-0.6,100,L_NAMOA_DR_MVH_KDT,1,60,False,53.106412172317505,,,,,,,
10,3,-0.6,100,L_NAMOA_KDT_CHOOSEH,1,60,False,10.620885372161865,947,40168,65468,272145,,49433736,0
10,4,0.0,10,L_NAMOA_DR_MVH_INSTRUMENTED,1,60,False,48.50170922279358,6709,99788,173320,687125,,211385404,0
10,4,0.0,10,L_NAMOA_DR_MVH_KDT,1,60,True,62.180758237838745,,,,,,,
10,4,0.0,10,L_NAMOA_KDT_CHOOSEH,1,60,False,58.20830488204956,6709,99788,173320,687125,,395899631,0
10,4,0.0,25,L_NAMOA_DR_MVH_INSTRUMENTED,1,60,False,53.55020809173584,6710,100722,175650,712390,,338434193,0
10,4,0.0,25,L_NAMOA_DR_MVH_KDT,1,60,True,62.17759585380554,,,,,,,
10,4,0.0,25,L_NAMOA_KDT_CHOOSEH,1,60,True,60.66866326332092,5321,92893,165638,679742,,530105828,1
10,4,0.0,50,L_NAMOA_DR_MVH_INSTRUMENTED,1,60,True,60.90559482574463,6227,98918,173783,714464,,484251965,1
10,4,0.0,50,L_NAMOA_DR_MVH_KDT,1,60,True,62.24182391166687,,,,,,,
10,4,0.0,50,L_NAMOA_KDT_CHOOSEH,1,60,True,60.622679233551025,4819,88907,160164,665103,,638026681,1
10,4,0.0,100,L_NAMOA_DR_MVH_INSTRUMENTED,1,60,True,60.78978943824768,5596,95297,169412,699746,,710443619,1
10,4,0.0,100,L_NAMOA_DR_MVH_KDT,1,60,True,62.16576957702637,,,,,,,
10,4,0.0,100,L_NAMOA_KDT_CHOOSEH,1,60,True,60.81958246231079,4597,86712,157089,653269,,728946063,1
10,4,-0.3,10,L_NAMOA_DR_MVH_INSTRUMENTED,1,60,True,61.33259320259094,5446,121923,198536,815598,,268141984,1
10,4,-0.3,10,L_NAMOA_DR_MVH_KDT,1,60,True,62.165796995162964,,,,,,,
10,4,-0.3,10,L_NAMOA_KDT_CHOOSEH,1,60,True,60.63231015205383,4365,103880,171277,706327,,512938913,1
10,4,-0.3,25,L_NAMOA_DR_MVH_INSTRUMENTED,1,60,True,60.765225887298584,5414,114871,191981,797602,,320799860,1
10,4,-0.3,25,L_NAMOA_DR_MVH_KDT,1,60,True,62.21774959564209,,,,,,,
10,4,-0.3,25,L_NAMOA_KDT_CHOOSEH,1,60,True,60.60432815551758,3967,93525,157901,658651,,665869405,1
10,4,-0.3,50,L_NAMOA_DR_MVH_INSTRUMENTED,1,60,True,60.80591440200806,5293,113443,191056,798301,,405722233,1
10,4,-0.3,50,L_NAMOA_DR_MVH_KDT,1,60,True,62.164801359176636,,,,,,,
10,4,-0.3,50,L_NAMOA_KDT_CHOOSEH,1,60,True,60.70203614234924,3542,86406,147361,618749,,780317808,1
10,4,-0.3,100,L_NAMOA_DR_MVH_INSTRUMENTED,1,60,True,60.940980672836304,4941,108539,184044,775900,,527346453,1
10,4,-0.3,100,L_NAMOA_DR_MVH_KDT,1,60,True,62.156920433044434,,,,,,,
10,4,-0.3,100,L_NAMOA_KDT_CHOOSEH,1,60,True,60.69389295578003,3144,79760,136645,579673,,847231409,1
10,4,-0.6,10,L_NAMOA_DR_MVH_INSTRUMENTED,1,60,True,61.42074704170227,6712,139976,260118,1019801,,357782468,1
10,4,-0.6,10,L_NAMOA_DR_MVH_KDT,1,60,True,62.21980333328247,,,,,,,
10,4,-0.6,10,L_NAMOA_KDT_CHOOSEH,1,60,True,60.81733584403992,5920,126872,236420,931667,,570904860,1
10,4,-0.6,25,L_NAMOA_DR_MVH_INSTRUMENTED,1,60,True,60.97744011878967,6358,136225,254634,1006003,,474892533,1
10,4,-0.6,25,L_NAMOA_DR_MVH_KDT,1,60,True,62.19078993797302,,,,,,,
10,4,-0.6,25,L_NAMOA_KDT_CHOOSEH,1,60,True,60.855162143707275,5182,115268,216474,860362,,586569133,1
10,4,-0.6,50,L_NAMOA_DR_MVH_INSTRUMENTED,1,60,True,61.12668204307556,5917,129705,243034,962467,,620034459,1
10,4,-0.6,50,L_NAMOA_DR_MVH_KDT,1,60,True,62.22426700592041,,,,,,,
10,4,-0.6,50,L_NAMOA_KDT_CHOOSEH,1,60,True,60.88516640663147,5095,115001,216322,859359,,682839497,1
10,4,-0.6,100,L_NAMOA_DR_MVH_INSTRUMENTED,1,60,True,61.21471691131592,5401,121361,228814,908361,,852242487,1
10,4,-0.6,100,L_NAMOA_DR_MVH_KDT,1,60,True,62.26124143600464,,,,,,,
10,4,-0.6,100,L_NAMOA_KDT_CHOOSEH,1,60,True,61.128737926483154,3938,93766,176800,711483,,515226439,1
10,5,0.0,10,L_NAMOA_DR_MVH_INSTRUMENTED,1,60,True,62.01771283149719,3585,101260,167529,785268,,355918661,1
10,5,0.0,10,L_NAMOA_DR_MVH_KDT,1,60,True,62.17799758911133,,,,,,,
10,5,0.0,10,L_NAMOA_KDT_CHOOSEH,1,60,True,60.66352200508118,2792,77568,121602,604096,,626240117,1
10,5,0.0,25,L_NAMOA_DR_MVH_INSTRUMENTED,1,60,True,60.986629486083984,5173,89569,142315,680222,,453628546,1
10,5,0.0,25,L_NAMOA_DR_MVH_KDT,1,60,True,62.228240728378296,,,,,,,
10,5,0.0,25,L_NAMOA_KDT_CHOOSEH,1,60,True,60.66507434844971,3738,66558,100498,509526,,881656712,1
10,5,0.0,50,L_NAMOA_DR_MVH_INSTRUMENTED,1,60,True,60.96558594703674,5196,90254,144639,691784,,530076316,1
10,5,0.0,50,L_NAMOA_DR_MVH_KDT,1,60,True,62.15484595298767,,,,,,,
10,5,0.0,50,L_NAMOA_KDT_CHOOSEH,1,60,True,60.68136501312256,3341,60064,89365,464573,,977241645,1
10,5,0.0,100,L_NAMOA_DR_MVH_INSTRUMENTED,1,60,True,61.04204869270325,5077,87451,140322,673332,,603668585,1
10,5,0.0,100,L_NAMOA_DR_MVH_KDT,1,60,True,62.198097229003906,,,,,,,
10,5,0.0,100,L_NAMOA_KDT_CHOOSEH,1,60,True,60.763641357421875,3024,55690,81865,434269,,1090198424,1
10,5,-0.3,10,L_NAMOA_DR_MVH_INSTRUMENTED,1,60,True,61.636873722076416,4175,101549,149309,701891,,270997521,1
10,5,-0.3,10,L_NAMOA_DR_MVH_KDT,1,60,True,62.18885350227356,,,,,,,
10,5,-0.3,10,L_NAMOA_KDT_CHOOSEH,1,60,True,60.753077268600464,3867,94483,138196,654872,,443155757,1
10,5,-0.3,25,L_NAMOA_DR_MVH_INSTRUMENTED,1,60,True,60.974798917770386,4120,100470,147711,705584,,353505843,1
10,5,-0.3,25,L_NAMOA_DR_MVH_KDT,1,60,True,62.167152404785156,,,,,,,
10,5,-0.3,25,L_NAMOA_KDT_CHOOSEH,1,60,True,60.87037801742554,3561,87452,127460,617089,,487769202,1
10,5,-0.3,50,L_NAMOA_DR_MVH_INSTRUMENTED,1,60,True,61.39494204521179,4020,94403,138393,668864,,419800604,1
10,5,-0.3,50,L_NAMOA_DR_MVH_KDT,1,60,True,62.18007779121399,,,,,,,
10,5,-0.3,50,L_NAMOA_KDT_CHOOSEH,1,60,True,61.00240087509155,3405,80448,116514,573130,,529532786,1
10,5,-0.3,100,L_NAMOA_DR_MVH_INSTRUMENTED,1,60,True,61.2929368019104,3730,88827,130126,637819,,523337160,1
10,5,-0.3,100,L_NAMOA_DR_MVH_KDT,1,60,True,62.148521423339844,,,,,,,
10,5,-0.3,100,L_NAMOA_KDT_CHOOSEH,1,60,True,60.9891939163208,3150,75270,108535,542617,,557986533,1
10,5,-0.6,10,L_NAMOA_DR_MVH_INSTRUMENTED,1,60,True,62.1526665687561,,,,,,,
10,5,-0.6,10,L_NAMOA_DR_MVH_KDT,1,60,True,62.22069716453552,,,,,,,
10,5,-0.6,10,L_NAMOA_KDT_CHOOSEH,1,60,True,61.618664026260376,3586,115342,182055,1012741,,506785330,1
10,5,-0.6,25,L_NAMOA_DR_MVH_INSTRUMENTED,1,60,True,61.7578284740448,4261,128610,204733,1122781,,365678566,1
10,5,-0.6,25,L_NAMOA_DR_MVH_KDT,1,60,True,62.21721792221069,,,,,,,
10,5,-0.6,25,L_NAMOA_KDT_CHOOSEH,1,60,True,61.44987416267395,3624,115887,183110,1017581,,574646994,1
10,5,-0.6,50,L_NAMOA_DR_MVH_INSTRUMENTED,1,60,True,61.56726002693176,4351,130151,207593,1139992,,441204529,1
10,5,-0.6,50,L_NAMOA_DR_MVH_KDT,1,60,True,62.18459987640381,,,,,,,
10,5,-0.6,50,L_NAMOA_KDT_CHOOSEH,1,60,True,61.41341423988342,3519,114749,181167,1012696,,610773904,1
10,5,-0.6,100,L_NAMOA_DR_MVH_INSTRUMENTED,1,60,True,62.02312779426575,4171,126340,201016,1108848,,499161371,1
10,5,-0.6,100,L_NAMOA_DR_MVH_KDT,1,60,True,62.20063352584839,,,,,,,
10,5,-0.6,100,L_NAMOA_KDT_CHOOSEH,1,60,True,61.42619180679321,3398,112573,177466,995409,,666666744,1
10,6,0.0,10,L_NAMOA_DR_MVH_INSTRUMENTED,1,60,True,61.727744340896606,550,97365,121676,816237,,59354260,1
10,6,0.0,10,L_NAMOA_DR_MVH_KDT,1,60,True,62.277997732162476,,,,,,,
10,6,0.0,10,L_NAMOA_KDT_CHOOSEH,1,60,True,61.01120924949646,550,95514,119340,801094,,110286442,1
10,6,0.0,25,L_NAMOA_DR_MVH_INSTRUMENTED,1,60,True,61.217894315719604,550,96839,120984,812126,,61974957,1
10,6,0.0,25,L_NAMOA_DR_MVH_KDT,1,60,True,62.199459075927734,,,,,,,
10,6,0.0,25,L_NAMOA_KDT_CHOOSEH,1,60,True,61.03116774559021,550,94797,118498,795281,,134623630,1
10,6,0.0,50,L_NAMOA_DR_MVH_INSTRUMENTED,1,60,True,61.35750865936279,550,96040,119982,806112,,66202009,1
10,6,0.0,50,L_NAMOA_DR_MVH_KDT,1,60,True,62.19287419319153,,,,,,,
10,6,0.0,50,L_NAMOA_KDT_CHOOSEH,1,60,True,61.0257248878479,500,93345,116632,784203,,130891061,1
10,6,0.0,100,L_NAMOA_DR_MVH_INSTRUMENTED,1,60,True,61.354708671569824,550,97130,121422,817611,,79170717,1
10,6,0.0,100,L_NAMOA_DR_MVH_KDT,1,60,True,62.18572664260864,,,,,,,
10,6,0.0,100,L_NAMOA_KDT_CHOOSEH,1,60,True,61.2826201915741,541,94023,117593,791796,,149804493,1
10,6,-0.3,10,L_NAMOA_DR_MVH_INSTRUMENTED,1,60,True,61.55541372299194,4359,92028,121050,669838,,497482376,1
10,6,-0.3,10,L_NAMOA_DR_MVH_KDT,1,60,True,62.199220180511475,,,,,,,
10,6,-0.3,10,L_NAMOA_KDT_CHOOSEH,1,60,True,60.80508518218994,3613,80325,105322,592485,,630682067,1
10,6,-0.3,25,L_NAMOA_DR_MVH_INSTRUMENTED,1,60,True,60.98214864730835,4022,86574,114252,643721,,588728869,1
10,6,-0.3,25,L_NAMOA_DR_MVH_KDT,1,60,True,62.14903545379639,,,,,,,
10,6,-0.3,25,L_NAMOA_KDT_CHOOSEH,1,60,True,60.855523347854614,3407,75865,99810,568328,,689271667,1
10,6,-0.3,50,L_NAMOA_DR_MVH_INSTRUMENTED,1,60,True,61.014408111572266,3839,83029,109633,623027,,728448337,1
10,6,-0.3,50,L_NAMOA_DR_MVH_KDT,1,60,True,62.162006855010986,,,,,,,
10,6,-0.3,50,L_NAMOA_KDT_CHOOSEH,1,60,True,60.922049045562744,2902,68543,90119,523327,,700060653,1
10,6,-0.3,100,L_NAMOA_DR_MVH_INSTRUMENTED,1,60,True,61.47720003128052,3406,75126,99197,568951,,840945783,1
10,6,-0.3,100,L_NAMOA_DR_MVH_KDT,1,60,True,62.19392275810242,,,,,,,
10,6,-0.3,100,L_NAMOA_KDT_CHOOSEH,1,60,True,61.1042537689209,2683,65544,85913,503121,,785418811,1
10,6,-0.6,10,L_NAMOA_DR_MVH_INSTRUMENTED,1,60,True,62.14638900756836,,,,,,,
10,6,-0.6,10,L_NAMOA_DR_MVH_KDT,1,60,True,62.23158049583435,,,,,,,
10,6,-0.6,10,L_NAMOA_KDT_CHOOSEH,1,60,True,62.02944540977478,2816,99315,135003,848635,,601282600,1
10,6,-0.6,25,L_NAMOA_DR_MVH_INSTRUMENTED,1,60,True,61.599518060684204,3263,106799,146051,911556,,419164931,1
10,6,-0.6,25,L_NAMOA_DR_MVH_KDT,1,60,True,62.18028736114502,,,,,,,
10,6,-0.6,25,L_NAMOA_KDT_CHOOSEH,1,60,True,61.371952533721924,2805,95894,130232,821013,,590964703,1
10,6,-0.6,50,L_NAMOA_DR_MVH_INSTRUMENTED,1,60,True,61.57762408256531,3263,105080,143500,896316,,447117976,1
10,6,-0.6,50,L_NAMOA_DR_MVH_KDT,1,60,True,62.22131586074829,,,,,,,
10,6,-0.6,50,L_NAMOA_KDT_CHOOSEH,1,60,True,61.36818861961365,2805,95094,129111,813938,,607893800,1
10,6,-0.6,100,L_NAMOA_DR_MVH_INSTRUMENTED,1,60,True,61.66516470909119,3263,104483,142705,890535,,524053801,1
10,6,-0.6,100,L_NAMOA_DR_MVH_KDT,1,60,True,62.1817991733551,,,,,,,
10,6,-0.6,100,L_NAMOA_KDT_CHOOSEH,1,60,True,61.691237688064575,2583,93861,127341,805636,,606374994,1
10,7,0.0,10,L_NAMOA_DR_MVH_INSTRUMENTED,1,60,True,62.07924723625183,5076,85210,104697,627280,,470944507,1
10,7,0.0,10,L_NAMOA_DR_MVH_KDT,1,60,True,62.18044137954712,,,,,,,
10,7,0.0,10,L_NAMOA_KDT_CHOOSEH,1,60,True,60.802022218704224,3948,70083,86498,525018,,595365334,1
10,7,0.0,25,L_NAMOA_DR_MVH_INSTRUMENTED,1,60,True,61.04868173599243,4685,79385,97789,589571,,467290703,1
10,7,0.0,25,L_NAMOA_DR_MVH_KDT,1,60,True,63.544100761413574,,,,,,,
10,7,0.0,25,L_NAMOA_KDT_CHOOSEH,1,60,True,60.868977546691895,3508,66833,82682,510042,,644772845,1
10,7,0.0,50,L_NAMOA_DR_MVH_INSTRUMENTED,1,60,True,61.371440172195435,4643,79541,97924,592149,,560470198,1
10,7,0.0,50,L_NAMOA_DR_MVH_KDT,1,60,True,62.15243697166443,,,,,,,
10,7,0.0,50,L_NAMOA_KDT_CHOOSEH,1,60,True,60.97197508811951,3294,63262,78216,483168,,669208485,1
10,7,0.0,100,L_NAMOA_DR_MVH_INSTRUMENTED,1,60,True,61.4520103931427,4157,74993,92535,567351,,582432578,1
10,7,0.0,100,L_NAMOA_DR_MVH_KDT,1,60,True,62.19971776008606,,,,,,,
10,7,0.0,100,L_NAMOA_KDT_CHOOSEH,1,60,True,61.05156064033508,2995,60952,75386,471088,,705329733,1
10,7,-0.3,10,L_NAMOA_DR_MVH_INSTRUMENTED,1,60,True,62.14671230316162,,,,,,,
10,7,-0.3,10,L_NAMOA_DR_MVH_KDT,1,60,True,62.14024901390076,,,,,,,
10,7,-0.3,10,L_NAMOA_KDT_CHOOSEH,1,60,True,61.03165030479431,815,79241,101146,682122,,147083298,1
10,7,-0.3,25,L_NAMOA_DR_MVH_INSTRUMENTED,1,60,True,61.18809366226196,817,80985,103182,697686,,77945139,1
10,7,-0.3,25,L_NAMOA_DR_MVH_KDT,1,60,True,62.161880016326904,,,,,,,
10,7,-0.3,25,L_NAMOA_KDT_CHOOSEH,1,60,True,61.27817511558533,650,77095,97830,665002,,137818536,1
10,7,-0.3,50,L_NAMOA_DR_MVH_INSTRUMENTED,1,60,True,61.361074924468994,817,79712,101740,686496,,74766734,1
10,7,-0.3,50,L_NAMOA_DR_MVH_KDT,1,60,True,62.53813362121582,,,,,,,
10,7,-0.3,50,L_NAMOA_KDT_CHOOSEH,1,60,True,61.17315745353699,651,77311,98170,666838,,142228639,1
10,7,-0.3,100,L_NAMOA_DR_MVH_INSTRUMENTED,1,60,True,61.642781019210815,817,80214,102322,691002,,77980681,1
10,7,-0.3,100,L_NAMOA_DR_MVH_KDT,1,60,True,62.13740062713623,,,,,,,
10,7,-0.3,100,L_NAMOA_KDT_CHOOSEH,1,60,True,61.374370098114014,818,86205,110309,742488,,206890885,1
10,7,-0.6,10,L_NAMOA_DR_MVH_INSTRUMENTED,1,60,True,62.20907664299011,,,,,,,
10,7,-0.6,10,L_NAMOA_DR_MVH_KDT,1,60,True,62.20359396934509,,,,,,,
10,7,-0.6,10,L_NAMOA_KDT_CHOOSEH,1,60,True,61.71075773239136,1693,94460,121381,836494,,401566370,1
10,7,-0.6,25,L_NAMOA_DR_MVH_INSTRUMENTED,1,60,True,62.04413676261902,1725,100637,129944,892600,,259186412,1
10,7,-0.6,25,L_NAMOA_DR_MVH_KDT,1,60,True,62.21415042877197,,,,,,,
10,7,-0.6,25,L_NAMOA_KDT_CHOOSEH,1,60,True,61.44115328788757,1693,93436,120162,827427,,394387884,1
10,7,-0.6,50,L_NAMOA_DR_MVH_INSTRUMENTED,1,60,True,61.80507755279541,1693,98038,126282,870253,,249143287,1
10,7,-0.6,50,L_NAMOA_DR_MVH_KDT,1,60,True,62.19130611419678,,,,,,,
10,7,-0.6,50,L_NAMOA_KDT_CHOOSEH,1,60,True,61.40839624404907,1298,91023,117176,811097,,368773332,1
10,7,-0.6,100,L_NAMOA_DR_MVH_INSTRUMENTED,1,60,True,61.772446393966675,2161,103730,134005,916060,,324376954,1
10,7,-0.6,100,L_NAMOA_DR_MVH_KDT,1,60,True,62.198054790496826,,,,,,,
10,7,-0.6,100,L_NAMOA_KDT_CHOOSEH,1,60,True,61.529147148132324,1712,100140,129290,889397,,527299706,1
10,8,0.0,10,L_NAMOA_DR_MVH_INSTRUMENTED,1,60,True,61.658000469207764,8468,47057,51509,273392,,723813090,1
10,8,0.0,10,L_NAMOA_DR_MVH_KDT,1,60,True,62.15617609024048,,,,,,,
10,8,0.0,10,L_NAMOA_KDT_CHOOSEH,1,60,True,60.47583794593811,6274,37963,41711,228398,,813110854,1
10,8,0.0,25,L_NAMOA_DR_MVH_INSTRUMENTED,1,60,True,60.70440602302551,7170,41764,45667,248568,,750963715,1
10,8,0.0,25,L_NAMOA_DR_MVH_KDT,1,60,True,62.15125250816345,,,,,,,
10,8,0.0,25,L_NAMOA_KDT_CHOOSEH,1,60,True,60.582836389541626,5771,35609,39275,216751,,884245743,1
10,8,0.0,50,L_NAMOA_DR_MVH_INSTRUMENTED,1,60,True,60.75966739654541,6369,38503,42323,233316,,845464264,1
10,8,0.0,50,L_NAMOA_DR_MVH_KDT,1,60,True,62.32781720161438,,,,,,,
10,8,0.0,50,L_NAMOA_KDT_CHOOSEH,1,60,True,60.611069202423096,4827,31561,34787,195145,,901367043,1
10,8,0.0,100,L_NAMOA_DR_MVH_INSTRUMENTED,1,60,True,60.96354818344116,5740,35591,39341,219226,,1027941614,1
10,8,0.0,100,L_NAMOA_DR_MVH_KDT,1,60,True,62.1344792842865,,,,,,,
10,8,0.0,100,L_NAMOA_KDT_CHOOSEH,1,60,True,62.84850835800171,4295,28678,31803,179828,,830684961,1
10,8,-0.3,10,L_NAMOA_DR_MVH_INSTRUMENTED,1,60,True,62.18551325798035,,,,,,,
10,8,-0.3,10,L_NAMOA_DR_MVH_KDT,1,60,True,62.22513222694397,,,,,,,
10,8,-0.3,10,L_NAMOA_KDT_CHOOSEH,1,60,True,61.47466707229614,494,79314,95982,694431,,104058261,1
10,8,-0.3,25,L_NAMOA_DR_MVH_INSTRUMENTED,1,60,True,61.96975564956665,494,78861,95426,690453,,51805965,1
10,8,-0.3,25,L_NAMOA_DR_MVH_KDT,1,60,True,62.30793857574463,,,,,,,
10,8,-0.3,25,L_NAMOA_KDT_CHOOSEH,1,60,True,62.24560737609863,,,,,,,
10,8,-0.3,50,L_NAMOA_DR_MVH_INSTRUMENTED,1,60,True,62.264918088912964,,,,,,,
10,8,-0.3,50,L_NAMOA_DR_MVH_KDT,1,60,True,62.19798827171326,,,,,,,
10,8,-0.3,50,L_NAMOA_KDT_CHOOSEH,1,60,True,61.68840312957764,497,82809,100392,724802,,126306650,1
10,8,-0.3,100,L_NAMOA_DR_MVH_INSTRUMENTED,1,60,True,61.857670545578,544,84456,102427,737718,,71970538,1
10,8,-0.3,100,L_NAMOA_DR_MVH_KDT,1,60,True,62.19301676750183,,,,,,,
10,8,-0.3,100,L_NAMOA_KDT_CHOOSEH,1,60,True,61.63893795013428,498,83074,100722,726989,,132863055,1
10,8,-0.6,10,L_NAMOA_DR_MVH_INSTRUMENTED,1,60,True,62.116997480392456,,,,,,,
10,8,-0.6,10,L_NAMOA_DR_MVH_KDT,1,60,True,62.13254523277283,,,,,,,
10,8,-0.6,10,L_NAMOA_KDT_CHOOSEH,1,60,True,60.93852233886719,2130,44443,48317,314919,,306741497,1
10,8,-0.6,25,L_NAMOA_DR_MVH_INSTRUMENTED,1,60,True,60.81404662132263,2497,48082,52535,340745,,248704161,1
10,8,-0.6,25,L_NAMOA_DR_MVH_KDT,1,60,True,62.129979372024536,,,,,,,
10,8,-0.6,25,L_NAMOA_KDT_CHOOSEH,1,60,True,60.64065361022949,2126,44273,48189,315689,,373147628,1
10,8,-0.6,50,L_NAMOA_DR_MVH_INSTRUMENTED,1,60,True,60.85544037818909,2245,45690,49819,326650,,295955551,1
10,8,-0.6,50,L_NAMOA_DR_MVH_KDT,1,60,True,62.12655305862427,,,,,,,
10,8,-0.6,50,L_NAMOA_KDT_CHOOSEH,1,60,True,60.72230911254883,1922,41972,45557,302106,,387856926,1
10,8,-0.6,100,L_NAMOA_DR_MVH_INSTRUMENTED,1,60,True,61.107327699661255,2127,44424,48418,321255,,389268776,1
10,8,-0.6,100,L_NAMOA_DR_MVH_KDT,1,60,True,62.12956690788269,,,,,,,
10,8,-0.6,100,L_NAMOA_KDT_CHOOSEH,1,60,True,60.886682987213135,1748,39811,43166,289685,,444589028,1
20,3,0.0,10,L_NAMOA_DR_MVH_INSTRUMENTED,1,60,True,62.09548902511597,1099,249405,500849,2192259,,69889423,1
20,3,0.0,10,L_NAMOA_DR_MVH_KDT,1,60,True,62.33265662193298,,,,,,,
20,3,0.0,10,L_NAMOA_KDT_CHOOSEH,1,60,True,61.39096784591675,1036,239717,483028,2113512,,147892358,1
20,3,0.0,25,L_NAMOA_DR_MVH_INSTRUMENTED,1,60,True,61.63206696510315,1012,242266,492609,2155695,,79225101,1
20,3,0.0,25,L_NAMOA_DR_MVH_KDT,1,60,True,62.32657718658447,,,,,,,
20,3,0.0,25,L_NAMOA_KDT_CHOOSEH,1,60,True,61.43116855621338,926,228515,466449,2042784,,189954073,1
20,3,0.0,50,L_NAMOA_DR_MVH_INSTRUMENTED,1,60,True,62.12856698036194,,,,,,,
20,3,0.0,50,L_NAMOA_DR_MVH_KDT,1,60,True,62.27043890953064,,,,,,,
20,3,0.0,50,L_NAMOA_KDT_CHOOSEH,1,60,True,62.165730714797974,,,,,,,
20,3,0.0,100,L_NAMOA_DR_MVH_INSTRUMENTED,1,60,True,62.15667009353638,,,,,,,
20,3,0.0,100,L_NAMOA_DR_MVH_KDT,1,60,True,62.2858190536499,,,,,,,
20,3,0.0,100,L_NAMOA_KDT_CHOOSEH,1,60,True,62.14499092102051,,,,,,,
20,3,-0.3,10,L_NAMOA_DR_MVH_INSTRUMENTED,1,60,True,61.67720341682434,992,176876,233482,1208621,,63163303,1
20,3,-0.3,10,L_NAMOA_DR_MVH_KDT,1,60,True,62.18967890739441,,,,,,,
20,3,-0.3,10,L_NAMOA_KDT_CHOOSEH,1,60,True,61.519057512283325,956,174944,231206,1196351,,127814844,1
20,3,-0.3,25,L_NAMOA_DR_MVH_INSTRUMENTED,1,60,True,61.60590434074402,904,178396,235421,1258357,,99406182,1
20,3,-0.3,25,L_NAMOA_DR_MVH_KDT,1,60,True,62.19060206413269,,,,,,,
20,3,-0.3,25,L_NAMOA_KDT_CHOOSEH,1,60,True,61.099940061569214,857,165232,216979,1160240,,174628741,1
20,3,-0.3,50,L_NAMOA_DR_MVH_INSTRUMENTED,1,60,True,61.46142554283142,819,168869,222985,1184420,,141481703,1
20,3,-0.3,50,L_NAMOA_DR_MVH_KDT,1,60,True,62.19350862503052,,,,,,,
20,3,-0.3,50,L_NAMOA_KDT_CHOOSEH,1,60,True,61.30387496948242,805,165232,218858,1158261,,221125912,1
20,3,-0.3,100,L_NAMOA_DR_MVH_INSTRUMENTED,1,60,True,61.90270495414734,822,166874,221968,1173284,,235979721,1
20,3,-0.3,100,L_NAMOA_DR_MVH_KDT,1,60,True,62.13798975944519,,,,,,,
20,3,-0.3,100,L_NAMOA_KDT_CHOOSEH,1,60,True,61.721068382263184,761,157670,207152,1106302,,263819014,1
20,3,-0.6,10,L_NAMOA_DR_MVH_INSTRUMENTED,1,60,True,62.13571000099182,,,,,,,
20,3,-0.6,10,L_NAMOA_DR_MVH_KDT,1,60,True,62.22280931472778,,,,,,,
20,3,-0.6,10,L_NAMOA_KDT_CHOOSEH,1,60,True,61.48298978805542,275,161990,354362,1603293,,23747533,1
20,3,-0.6,25,L_NAMOA_DR_MVH_INSTRUMENTED,1,60,True,61.60827350616455,276,162106,354729,1604648,,13631155,1
20,3,-0.6,25,L_NAMOA_DR_MVH_KDT,1,60,True,62.222190618515015,,,,,,,
20,3,-0.6,25,L_NAMOA_KDT_CHOOSEH,1,60,True,61.662909746170044,330,172679,381686,1707853,,30368651,1
20,3,-0.6,50,L_NAMOA_DR_MVH_INSTRUMENTED,1,60,True,61.82516527175903,351,177575,393595,1755250,,20885116,1
20,3,-0.6,50,L_NAMOA_DR_MVH_KDT,1,60,True,62.172056436538696,,,,,,,
20,3,-0.6,50,L_NAMOA_KDT_CHOOSEH,1,60,True,61.757020711898804,330,173056,382472,1711366,,31946840,1
20,3,-0.6,100,L_NAMOA_DR_MVH_INSTRUMENTED,1,60,True,62.13236689567566,,,,,,,
20,3,-0.6,100,L_NAMOA_DR_MVH_KDT,1,60,True,62.2267861366272,,,,,,,
20,3,-0.6,100,L_NAMOA_KDT_CHOOSEH,1,60,True,62.10786485671997,,,,,,,
20,4,0.0,10,L_NAMOA_DR_MVH_INSTRUMENTED,1,60,True,62.19112801551819,,,,,,,
20,4,0.0,10,L_NAMOA_DR_MVH_KDT,1,60,True,62.02867126464844,0,150325,267516,9407667,15431232,,1
20,4,0.0,10,L_NAMOA_KDT_CHOOSEH,1,60,True,62.16794300079346,,,,,,,
20,4,0.0,25,L_NAMOA_DR_MVH_INSTRUMENTED,1,60,True,62.159069538116455,,,,,,,
20,4,0.0,25,L_NAMOA_DR_MVH_KDT,1,60,True,62.0637309551239,0,150401,267711,9414183,15438572,,1
20,4,0.0,25,L_NAMOA_KDT_CHOOSEH,1,60,True,62.16303038597107,,,,,,,
20,4,0.0,50,L_NAMOA_DR_MVH_INSTRUMENTED,1,60,True,62.195937156677246,,,,,,,
20,4,0.0,50,L_NAMOA_DR_MVH_KDT,1,60,True,62.279470682144165,,,,,,,
20,4,0.0,50,L_NAMOA_KDT_CHOOSEH,1,60,True,62.19336414337158,,,,,,,
20,4,0.0,100,L_NAMOA_DR_MVH_INSTRUMENTED,1,60,True,62.20334982872009,,,,,,,
20,4,0.0,100,L_NAMOA_DR_MVH_KDT,1,60,True,62.43739175796509,,,,,,,
20,4,0.0,100,L_NAMOA_KDT_CHOOSEH,1,60,True,62.22639846801758,,,,,,,
20,4,-0.3,10,L_NAMOA_DR_MVH_INSTRUMENTED,1,60,True,62.202189445495605,,,,,,,
20,4,-0.3,10,L_NAMOA_DR_MVH_KDT,1,60,True,61.73751258850098,0,158932,315423,9931330,17761814,,1
20,4,-0.3,10,L_NAMOA_KDT_CHOOSEH,1,60,True,62.143346071243286,,,,,,,
20,4,-0.3,25,L_NAMOA_DR_MVH_INSTRUMENTED,1,60,True,62.186405181884766,,,,,,,
20,4,-0.3,25,L_NAMOA_DR_MVH_KDT,1,60,True,62.25207209587097,,,,,,,
20,4,-0.3,25,L_NAMOA_KDT_CHOOSEH,1,60,True,62.215713024139404,,,,,,,
20,4,-0.3,50,L_NAMOA_DR_MVH_INSTRUMENTED,1,60,True,62.17667770385742,,,,,,,
20,4,-0.3,50,L_NAMOA_DR_MVH_KDT,1,60,True,62.21398878097534,0,142856,283149,8668156,14748013,,1
20,4,-0.3,50,L_NAMOA_KDT_CHOOSEH,1,60,True,62.19299387931824,,,,,,,
20,4,-0.3,100,L_NAMOA_DR_MVH_INSTRUMENTED,1,60,True,62.24900245666504,,,,,,,
20,4,-0.3,100,L_NAMOA_DR_MVH_KDT,1,60,True,62.29697942733765,,,,,,,
20,4,-0.3,100,L_NAMOA_KDT_CHOOSEH,1,60,True,62.75558829307556,,,,,,,
20,4,-0.6,10,L_NAMOA_DR_MVH_INSTRUMENTED,1,60,True,61.9504132270813,0,66258,84819,613243,,0,1
20,4,-0.6,10,L_NAMOA_DR_MVH_KDT,1,60,True,60.90610671043396,0,56789,72271,1652158,2978245,,1
20,4,-0.6,10,L_NAMOA_KDT_CHOOSEH,1,60,True,60.98158264160156,0,63682,80553,588515,,0,1
20,4,-0.6,25,L_NAMOA_DR_MVH_INSTRUMENTED,1,60,True,61.17422080039978,0,66215,84776,612858,,0,1
20,4,-0.6,25,L_NAMOA_DR_MVH_KDT,1,60,True,62.28524088859558,,,,,,,
20,4,-0.6,25,L_NAMOA_KDT_CHOOSEH,1,60,True,61.047539949417114,0,66280,84842,613442,,0,1
20,4,-0.6,50,L_NAMOA_DR_MVH_INSTRUMENTED,1,60,True,61.427449464797974,0,62514,78673,577297,,0,1
20,4,-0.6,50,L_NAMOA_DR_MVH_KDT,1,60,True,61.360769510269165,0,56718,72196,1649222,2977070,,1
20,4,-0.6,50,L_NAMOA_KDT_CHOOSEH,1,60,True,61.40133452415466,0,66965,85542,619612,,0,1
20,4,-0.6,100,L_NAMOA_DR_MVH_INSTRUMENTED,1,60,True,61.83082699775696,0,60576,76542,559864,,0,1
20,4,-0.6,100,L_NAMOA_DR_MVH_KDT,1,60,True,61.85687971115112,0,55035,69210,1581270,2895567,,1
20,4,-0.6,100,L_NAMOA_KDT_CHOOSEH,1,60,True,62.061570167541504,0,62783,79046,579822,,0,1
20,5,0.0,10,L_NAMOA_DR_MVH_INSTRUMENTED,1,60,True,62.19683885574341,,,,,,,
20,5,0.0,10,L_NAMOA_DR_MVH_KDT,1,60,True,62.63590335845947,,,,,,,
20,5,0.0,10,L_NAMOA_KDT_CHOOSEH,1,60,True,62.04262447357178,0,148714,242313,1424895,,0,1
20,5,0.0,25,L_NAMOA_DR_MVH_INSTRUMENTED,1,60,True,62.256826400756836,,,,,,,
20,5,0.0,25,L_NAMOA_DR_MVH_KDT,1,60,True,61.70300531387329,0,85499,137925,4871478,7364805,,1
20,5,0.0,25,L_NAMOA_KDT_CHOOSEH,1,60,True,61.88910365104675,0,99278,160881,949923,,0,1
20,5,0.0,50,L_NAMOA_DR_MVH_INSTRUMENTED,1,60,True,62.221545457839966,,,,,,,
20,5,0.0,50,L_NAMOA_DR_MVH_KDT,1,60,True,62.07141852378845,0,103404,167517,6275866,9930961,,1
20,5,0.0,50,L_NAMOA_KDT_CHOOSEH,1,60,True,61.9810745716095,0,160365,260918,1536258,,0,1
20,5,0.0,100,L_NAMOA_DR_MVH_INSTRUMENTED,1,60,True,62.46792221069336,,,,,,,
20,5,0.0,100,L_NAMOA_DR_MVH_KDT,1,60,True,62.20171403884888,,,,,,,
20,5,0.0,100,L_NAMOA_KDT_CHOOSEH,1,60,True,62.1929132938385,,,,,,,
20,5,-0.3,10,L_NAMOA_DR_MVH_INSTRUMENTED,1,60,True,62.20847296714783,,,,,,,
20,5,-0.3,10,L_NAMOA_DR_MVH_KDT,1,60,True,62.08092451095581,0,103799,170209,6625503,13309703,,1
20,5,-0.3,10,L_NAMOA_KDT_CHOOSEH,1,60,True,62.20616936683655,,,,,,,
20,5,-0.3,25,L_NAMOA_DR_MVH_INSTRUMENTED,1,60,True,62.20871329307556,,,,,,,
20,5,-0.3,25,L_NAMOA_DR_MVH_KDT,1,60,True,61.886168003082275,0,139203,232184,9876372,22271876,,1
20,5,-0.3,25,L_NAMOA_KDT_CHOOSEH,1,60,True,62.22198724746704,,,,,,,
20,5,-0.3,50,L_NAMOA_DR_MVH_INSTRUMENTED,1,60,True,62.196418046951294,,,,,,,
20,5,-0.3,50,L_NAMOA_DR_MVH_KDT,1,60,True,62.27290749549866,,,,,,,
20,5,-0.3,50,L_NAMOA_KDT_CHOOSEH,1,60,True,62.14415669441223,,,,,,,
20,5,-0.3,100,L_NAMOA_DR_MVH_INSTRUMENTED,1,60,True,62.20570921897888,,,,,,,
20,5,-0.3,100,L_NAMOA_DR_MVH_KDT,1,60,True,62.21061658859253,,,,,,,
20,5,-0.3,100,L_NAMOA_KDT_CHOOSEH,1,60,True,62.23730134963989,,,,,,,
20,5,-0.6,10,L_NAMOA_DR_MVH_INSTRUMENTED,1,60,True,62.1269109249115,,,,,,,
20,5,-0.6,10,L_NAMOA_DR_MVH_KDT,1,60,True,61.070229291915894,0,91461,119527,4537427,6609676,,1
20,5,-0.6,10,L_NAMOA_KDT_CHOOSEH,1,60,True,60.93788981437683,0,105792,139951,887999,,0,1
20,5,-0.6,25,L_NAMOA_DR_MVH_INSTRUMENTED,1,60,True,61.30848813056946,0,106464,140664,893566,,0,1
20,5,-0.6,25,L_NAMOA_DR_MVH_KDT,1,60,True,61.19059205055237,0,87504,110893,4344171,6245222,,1
20,5,-0.6,25,L_NAMOA_KDT_CHOOSEH,1,60,True,61.14383363723755,0,103326,133989,864519,,0,1
20,5,-0.6,50,L_NAMOA_DR_MVH_INSTRUMENTED,1,60,True,61.57093787193298,0,106475,140682,893668,,0,1
20,5,-0.6,50,L_NAMOA_DR_MVH_KDT,1,60,True,61.44091844558716,0,91278,119343,4532712,6601705,,1
20,5,-0.6,50,L_NAMOA_KDT_CHOOSEH,1,60,True,61.45239567756653,0,105553,139704,886036,,0,1
20,5,-0.6,100,L_NAMOA_DR_MVH_INSTRUMENTED,1,60,True,61.90685987472534,0,103976,135652,870794,,0,1
20,5,-0.6,100,L_NAMOA_DR_MVH_KDT,1,60,True,61.79100322723389,0,88401,112424,4395340,6330378,,1
20,5,-0.6,100,L_NAMOA_KDT_CHOOSEH,1,60,True,61.967792987823486,0,105439,139582,885086,,0,1
20,6,0.0,10,L_NAMOA_DR_MVH_INSTRUMENTED,1,60,True,62.19785666465759,,,,,,,
20,6,0.0,10,L_NAMOA_DR_MVH_KDT,1,60,True,61.70718860626221,0,122664,162061,10249777,10568696,,1
20,6,0.0,10,L_NAMOA_KDT_CHOOSEH,1,60,True,61.6633722782135,0,117807,155025,1057689,,0,1
20,6,0.0,25,L_NAMOA_DR_MVH_INSTRUMENTED,1,60,True,61.73059916496277,0,117309,154308,1053128,,0,1
20,6,0.0,25,L_NAMOA_DR_MVH_KDT,1,60,True,61.89749073982239,0,127688,168254,10740942,11431955,,1
20,6,0.0,25,L_NAMOA_KDT_CHOOSEH,1,60,True,61.69695496559143,0,118457,155926,1063614,,0,1
20,6,0.0,50,L_NAMOA_DR_MVH_INSTRUMENTED,1,60,True,62.149821043014526,,,,,,,
20,6,0.0,50,L_NAMOA_DR_MVH_KDT,1,60,True,62.1132276058197,0,124550,164302,10400349,10806305,,1
20,6,0.0,50,L_NAMOA_KDT_CHOOSEH,1,60,True,62.03009223937988,0,121309,160231,1089565,,0,1
20,6,0.0,100,L_NAMOA_DR_MVH_INSTRUMENTED,1,60,True,62.15798759460449,,,,,,,
20,6,0.0,100,L_NAMOA_DR_MVH_KDT,1,60,True,62.211421966552734,,,,,,,
20,6,0.0,100,L_NAMOA_KDT_CHOOSEH,1,60,True,62.18352723121643,,,,,,,
20,6,-0.3,10,L_NAMOA_DR_MVH_INSTRUMENTED,1,60,True,62.190885066986084,,,,,,,
20,6,-0.3,10,L_NAMOA_DR_MVH_KDT,1,60,True,61.605223178863525,0,124597,152530,6958987,8049753,,1
20,6,-0.3,10,L_NAMOA_KDT_CHOOSEH,1,60,True,61.78731989860535,0,144434,176301,1196047,,0,1
20,6,-0.3,25,L_NAMOA_DR_MVH_INSTRUMENTED,1,60,True,62.03213310241699,0,139939,170901,1159131,,0,1
20,6,-0.3,25,L_NAMOA_DR_MVH_KDT,1,60,True,62.52322816848755,,,,,,,
20,6,-0.3,25,L_NAMOA_KDT_CHOOSEH,1,60,True,61.7432804107666,0,135822,165447,1123163,,0,1
20,6,-0.3,50,L_NAMOA_DR_MVH_INSTRUMENTED,1,60,True,62.18062686920166,,,,,,,
20,6,-0.3,50,L_NAMOA_DR_MVH_KDT,1,60,True,62.17090654373169,0,124517,152439,6953681,8037527,,1
20,6,-0.3,50,L_NAMOA_KDT_CHOOSEH,1,60,True,62.1553316116333,,,,,,,
20,6,-0.3,100,L_NAMOA_DR_MVH_INSTRUMENTED,1,60,True,62.15689468383789,,,,,,,
20,6,-0.3,100,L_NAMOA_DR_MVH_KDT,1,60,True,62.18287658691406,,,,,,,
20,6,-0.3,100,L_NAMOA_KDT_CHOOSEH,1,60,True,62.16611456871033,,,,,,,
20,6,-0.6,10,L_NAMOA_DR_MVH_INSTRUMENTED,1,60,True,61.6889762878418,0,82205,98300,674172,,0,1
20,6,-0.6,10,L_NAMOA_DR_MVH_KDT,1,60,True,61.24723410606384,0,75310,90612,5172098,8154519,,1
20,6,-0.6,10,L_NAMOA_KDT_CHOOSEH,1,60,True,61.03327965736389,0,81574,97383,668693,,0,1
20,6,-0.6,25,L_NAMOA_DR_MVH_INSTRUMENTED,1,60,True,61.47398853302002,0,81887,97841,671403,,0,1
20,6,-0.6,25,L_NAMOA_DR_MVH_KDT,1,60,True,61.311999797821045,0,76250,91561,5258799,8285463,,1
20,6,-0.6,25,L_NAMOA_KDT_CHOOSEH,1,60,True,61.02049112319946,0,85150,102552,699490,,0,1
20,6,-0.6,50,L_NAMOA_DR_MVH_INSTRUMENTED,1,60,True,61.646442890167236,0,89223,107550,732596,,0,1
20,6,-0.6,50,L_NAMOA_DR_MVH_KDT,1,60,True,61.46917176246643,0,77748,93086,5388775,8605066,,1
20,6,-0.6,50,L_NAMOA_KDT_CHOOSEH,1,60,True,61.592910051345825,0,80866,96468,662780,,0,1
20,6,-0.6,100,L_NAMOA_DR_MVH_INSTRUMENTED,1,60,True,66.67411875724792,,,,,,,
20,6,-0.6,100,L_NAMOA_DR_MVH_KDT,1,60,True,62.168652057647705,,,,,,,
20,6,-0.6,100,L_NAMOA_KDT_CHOOSEH,1,60,True,62.08387041091919,,,,,,,
20,7,0.0,10,L_NAMOA_DR_MVH_INSTRUMENTED,1,60,True,61.99067401885986,0,56191,58426,507946,,0,1
20,7,0.0,10,L_NAMOA_DR_MVH_KDT,1,60,True,61.344263553619385,0,80224,83072,7429087,2919971,,1
20,7,0.0,10,L_NAMOA_KDT_CHOOSEH,1,60,True,61.04786276817322,0,59978,62374,542190,,0,1
20,7,0.0,25,L_NAMOA_DR_MVH_INSTRUMENTED,1,60,True,61.355711221694946,0,58064,60378,524882,,0,1
20,7,0.0,25,L_NAMOA_DR_MVH_KDT,1,60,True,61.62210440635681,0,75171,77996,6806782,2553357,,1
20,7,0.0,25,L_NAMOA_KDT_CHOOSEH,1,60,True,61.21701645851135,0,57285,59543,517815,,0,1
20,7,0.0,50,L_NAMOA_DR_MVH_INSTRUMENTED,1,60,True,61.49463772773743,0,56641,58891,512011,,0,1
20,7,0.0,50,L_NAMOA_DR_MVH_KDT,1,60,True,61.74337458610535,0,77448,80273,7087740,2695447,,1
20,7,0.0,50,L_NAMOA_KDT_CHOOSEH,1,60,True,61.43494248390198,0,57964,60269,523973,,0,1
20,7,0.0,100,L_NAMOA_DR_MVH_INSTRUMENTED,1,60,True,62.098357915878296,,,,,,,
20,7,0.0,100,L_NAMOA_DR_MVH_KDT,1,60,True,62.17549467086792,,,,,,,
20,7,0.0,100,L_NAMOA_KDT_CHOOSEH,1,60,True,62.05892014503479,0,57514,59774,519878,,0,1
20,7,-0.3,10,L_NAMOA_DR_MVH_INSTRUMENTED,1,60,True,62.16246223449707,,,,,,,
20,7,-0.3,10,L_NAMOA_DR_MVH_KDT,1,60,True,61.98633337020874,0,122903,168465,10676996,11934735,,1
20,7,-0.3,10,L_NAMOA_KDT_CHOOSEH,1,60,True,61.51629900932312,0,93319,125641,867327,,0,1
20,7,-0.3,25,L_NAMOA_DR_MVH_INSTRUMENTED,1,60,True,61.761144161224365,0,95128,128295,884307,,0,1
20,7,-0.3,25,L_NAMOA_DR_MVH_KDT,1,60,True,62.203620195388794,,,,,,,
20,7,-0.3,25,L_NAMOA_KDT_CHOOSEH,1,60,True,61.64955472946167,0,95168,128358,884686,,0,1
20,7,-0.3,50,L_NAMOA_DR_MVH_INSTRUMENTED,1,60,True,61.9165313243866,0,94352,127118,876976,,0,1
20,7,-0.3,50,L_NAMOA_DR_MVH_KDT,1,60,True,62.23786783218384,,,,,,,
20,7,-0.3,50,L_NAMOA_KDT_CHOOSEH,1,60,True,62.29388737678528,,,,,,,
20,7,-0.3,100,L_NAMOA_DR_MVH_INSTRUMENTED,1,60,True,62.18606424331665,,,,,,,
20,7,-0.3,100,L_NAMOA_DR_MVH_KDT,1,60,True,62.284294843673706,,,,,,,
20,7,-0.3,100,L_NAMOA_KDT_CHOOSEH,1,60,True,62.155229330062866,,,,,,,
20,7,-0.6,10,L_NAMOA_DR_MVH_INSTRUMENTED,1,60,True,61.99949026107788,0,77041,85316,580970,,0,1
20,7,-0.6,10,L_NAMOA_DR_MVH_KDT,1,60,True,61.26203632354736,0,90003,98875,7244622,5937286,,1
20,7,-0.6,10,L_NAMOA_KDT_CHOOSEH,1,60,True,60.9961633682251,0,81491,89902,613558,,0,1
20,7,-0.6,25,L_NAMOA_DR_MVH_INSTRUMENTED,1,60,True,61.10551166534424,0,82109,90557,618043,,0,1
20,7,-0.6,25,L_NAMOA_DR_MVH_KDT,1,60,True,61.1869957447052,0,96409,105597,7842067,6693656,,1
20,7,-0.6,25,L_NAMOA_KDT_CHOOSEH,1,60,True,61.10323476791382,0,80516,88894,606376,,0,1
20,7,-0.6,50,L_NAMOA_DR_MVH_INSTRUMENTED,1,60,True,61.28798031806946,0,80765,89148,608128,,0,1
20,7,-0.6,50,L_NAMOA_DR_MVH_KDT,1,60,True,61.23967099189758,0,94107,103167,7623121,6432453,,1
20,7,-0.6,50,L_NAMOA_KDT_CHOOSEH,1,60,True,61.68061804771423,0,80567,88946,606752,,0,1
20,7,-0.6,100,L_NAMOA_DR_MVH_INSTRUMENTED,1,60,True,62.099568128585815,,,,,,,
20,7,-0.6,100,L_NAMOA_DR_MVH_KDT,1,60,True,62.161171197891235,,,,,,,
20,7,-0.6,100,L_NAMOA_KDT_CHOOSEH,1,60,True,61.44179582595825,0,79670,88023,600327,,0,1
20,8,0.0,10,L_NAMOA_DR_MVH_INSTRUMENTED,1,60,True,61.819803953170776,3958,91360,99216,557681,,490391492,1
20,8,0.0,10,L_NAMOA_DR_MVH_KDT,1,60,True,62.17463731765747,,,,,,,
20,8,0.0,10,L_NAMOA_KDT_CHOOSEH,1,60,True,60.84550142288208,3395,79160,84957,485064,,658362970,1
20,8,0.0,25,L_NAMOA_DR_MVH_INSTRUMENTED,1,60,True,61.09760665893555,3344,81517,87019,489503,,595004112,1
20,8,0.0,25,L_NAMOA_DR_MVH_KDT,1,60,True,62.190110206604004,,,,,,,
20,8,0.0,25,L_NAMOA_KDT_CHOOSEH,1,60,True,60.97943305969238,2759,69959,74711,421079,,643040390,1
20,8,0.0,50,L_NAMOA_DR_MVH_INSTRUMENTED,1,60,True,61.4542760848999,2473,78209,83540,439081,,751181199,1
20,8,0.0,50,L_NAMOA_DR_MVH_KDT,1,60,True,62.13734292984009,,,,,,,
20,8,0.0,50,L_NAMOA_KDT_CHOOSEH,1,60,True,61.34765100479126,2405,74736,80022,419111,,763611574,1
20,8,0.0,100,L_NAMOA_DR_MVH_INSTRUMENTED,1,60,True,61.86444568634033,2325,68313,73669,372810,,1084730538,1
20,8,0.0,100,L_NAMOA_DR_MVH_KDT,1,60,True,62.14987111091614,,,,,,,
20,8,0.0,100,L_NAMOA_KDT_CHOOSEH,1,60,True,61.969786405563354,2325,68086,73442,371211,,864119782,1
20,8,-0.3,10,L_NAMOA_DR_MVH_INSTRUMENTED,1,60,True,62.22222280502319,,,,,,,
20,8,-0.3,10,L_NAMOA_DR_MVH_KDT,1,60,True,62.190306186676025,0,121602,146538,10996600,12293912,,1
20,8,-0.3,10,L_NAMOA_KDT_CHOOSEH,1,60,True,61.53916335105896,0,92701,110116,832730,,0,1
20,8,-0.3,25,L_NAMOA_DR_MVH_INSTRUMENTED,1,60,True,61.80247902870178,0,94335,112124,847674,,0,1
20,8,-0.3,25,L_NAMOA_DR_MVH_KDT,1,60,True,62.294201374053955,,,,,,,
20,8,-0.3,25,L_NAMOA_KDT_CHOOSEH,1,60,True,61.76990032196045,0,100948,120966,908530,,0,1
20,8,-0.3,50,L_NAMOA_DR_MVH_INSTRUMENTED,1,60,True,61.8473904132843,0,96850,115211,870641,,0,1
20,8,-0.3,50,L_NAMOA_DR_MVH_KDT,1,60,True,62.189918994903564,,,,,,,
20,8,-0.3,50,L_NAMOA_KDT_CHOOSEH,1,60,True,62.11581802368164,,,,,,,
20,8,-0.3,100,L_NAMOA_DR_MVH_INSTRUMENTED,1,60,True,62.18134331703186,,,,,,,
20,8,-0.3,100,L_NAMOA_DR_MVH_KDT,1,60,True,62.328768491744995,,,,,,,
20,8,-0.3,100,L_NAMOA_KDT_CHOOSEH,1,60,True,62.269692182540894,,,,,,,
20,8,-0.6,10,L_NAMOA_DR_MVH_INSTRUMENTED,1,60,True,62.166271686553955,,,,,,,
20,8,-0.6,10,L_NAMOA_DR_MVH_KDT,1,60,True,62.1763277053833,,,,,,,
20,8,-0.6,10,L_NAMOA_KDT_CHOOSEH,1,60,True,61.492849349975586,0,88069,105970,805666,,0,1
20,8,-0.6,25,L_NAMOA_DR_MVH_INSTRUMENTED,1,60,True,61.804378032684326,0,87105,104752,796760,,0,1
20,8,-0.6,25,L_NAMOA_DR_MVH_KDT,1,60,True,62.22268319129944,,,,,,,
20,8,-0.6,25,L_NAMOA_KDT_CHOOSEH,1,60,True,61.67116618156433,0,88162,106089,806527,,0,1
20,8,-0.6,50,L_NAMOA_DR_MVH_INSTRUMENTED,1,60,True,62.08119058609009,0,88967,107090,813958,,0,1
20,8,-0.6,50,L_NAMOA_DR_MVH_KDT,1,60,True,62.26168441772461,,,,,,,
20,8,-0.6,50,L_NAMOA_KDT_CHOOSEH,1,60,True,62.073160886764526,0,89083,107241,815035,,0,1
20,8,-0.6,100,L_NAMOA_DR_MVH_INSTRUMENTED,1,60,True,62.202189683914185,,,,,,,
20,8,-0.6,100,L_NAMOA_DR_MVH_KDT,1,60,True,62.300331115722656,,,,,,,
20,8,-0.6,100,L_NAMOA_KDT_CHOOSEH,1,60,True,62.1738600730896,,,,,,,
30,3,0.0,10,L_NAMOA_DR_MVH_INSTRUMENTED,1,60,True,62.16316080093384,,,,,,,
30,3,0.0,10,L_NAMOA_DR_MVH_KDT,1,60,True,61.8063223361969,0,171641,380144,9553503,18052030,,1
30,3,0.0,10,L_NAMOA_KDT_CHOOSEH,1,60,True,62.11492967605591,,,,,,,
30,3,0.0,25,L_NAMOA_DR_MVH_INSTRUMENTED,1,60,True,62.20080876350403,,,,,,,
30,3,0.0,25,L_NAMOA_DR_MVH_KDT,1,60,True,62.10442352294922,0,169877,376517,9424805,17668813,,1
30,3,0.0,25,L_NAMOA_KDT_CHOOSEH,1,60,True,62.16839933395386,,,,,,,
30,3,0.0,50,L_NAMOA_DR_MVH_INSTRUMENTED,1,60,True,63.95959448814392,19,297502,663805,3031639,,781254,1
30,3,0.0,50,L_NAMOA_DR_MVH_KDT,1,60,True,62.29339790344238,,,,,,,
30,3,0.0,50,L_NAMOA_KDT_CHOOSEH,1,60,True,62.1775918006897,,,,,,,
30,3,0.0,100,L_NAMOA_DR_MVH_INSTRUMENTED,1,60,True,62.18835091590881,,,,,,,
30,3,0.0,100,L_NAMOA_DR_MVH_KDT,1,60,True,62.2777214050293,,,,,,,
30,3,0.0,100,L_NAMOA_KDT_CHOOSEH,1,60,True,62.17378854751587,,,,,,,
30,3,-0.3,10,L_NAMOA_DR_MVH_INSTRUMENTED,1,60,True,62.22008943557739,,,,,,,
30,3,-0.3,10,L_NAMOA_DR_MVH_KDT,1,60,True,61.92009091377258,0,165980,353645,7381956,15517759,,1
30,3,-0.3,10,L_NAMOA_KDT_CHOOSEH,1,60,True,62.1326322555542,,,,,,,
30,3,-0.3,25,L_NAMOA_DR_MVH_INSTRUMENTED,1,60,True,62.220733404159546,,,,,,,
30,3,-0.3,25,L_NAMOA_DR_MVH_KDT,1,60,True,62.103676319122314,0,177770,380550,8110226,17293811,,1
30,3,-0.3,25,L_NAMOA_KDT_CHOOSEH,1,60,True,62.160135984420776,,,,,,,
30,3,-0.3,50,L_NAMOA_DR_MVH_INSTRUMENTED,1,60,True,62.188374280929565,,,,,,,
30,3,-0.3,50,L_NAMOA_DR_MVH_KDT,1,60,True,62.335861921310425,,,,,,,
30,3,-0.3,50,L_NAMOA_KDT_CHOOSEH,1,60,True,62.181355237960815,,,,,,,
30,3,-0.3,100,L_NAMOA_DR_MVH_INSTRUMENTED,1,60,True,62.1606125831604,,,,,,,
30,3,-0.3,100,L_NAMOA_DR_MVH_KDT,1,60,True,62.32101774215698,,,,,,,
30,3,-0.3,100,L_NAMOA_KDT_CHOOSEH,1,60,True,62.19019174575806,,,,,,,
30,3,-0.6,10,L_NAMOA_DR_MVH_INSTRUMENTED,1,60,True,62.240309715270996,,,,,,,
30,3,-0.6,10,L_NAMOA_DR_MVH_KDT,1,60,True,61.989100217819214,0,167609,408599,10942200,21998105,,1
30,3,-0.6,10,L_NAMOA_KDT_CHOOSEH,1,60,True,62.14730381965637,,,,,,,
30,3,-0.6,25,L_NAMOA_DR_MVH_INSTRUMENTED,1,60,True,62.19290900230408,,,,,,,
30,3,-0.6,25,L_NAMOA_DR_MVH_KDT,1,60,True,61.932679414749146,0,144705,353484,9322387,18181583,,1
30,3,-0.6,25,L_NAMOA_KDT_CHOOSEH,1,60,True,62.1638970375061,,,,,,,
30,3,-0.6,50,L_NAMOA_DR_MVH_INSTRUMENTED,1,60,True,62.163986682891846,,,,,,,
30,3,-0.6,50,L_NAMOA_DR_MVH_KDT,1,60,True,62.29415035247803,,,,,,,
30,3,-0.6,50,L_NAMOA_KDT_CHOOSEH,1,60,True,62.187700033187866,,,,,,,
30,3,-0.6,100,L_NAMOA_DR_MVH_INSTRUMENTED,1,60,True,62.20514535903931,,,,,,,
30,3,-0.6,100,L_NAMOA_DR_MVH_KDT,1,60,True,62.3263463973999,,,,,,,
30,3,-0.6,100,L_NAMOA_KDT_CHOOSEH,1,60,True,62.18230962753296,,,,,,,
30,4,0.0,10,L_NAMOA_DR_MVH_INSTRUMENTED,1,60,True,62.24172306060791,,,,,,,
30,4,0.0,10,L_NAMOA_DR_MVH_KDT,1,60,True,62.213850021362305,0,167734,296679,10589075,16457870,,1
30,4,0.0,10,L_NAMOA_KDT_CHOOSEH,1,60,True,62.18934750556946,,,,,,,
30,4,0.0,25,L_NAMOA_DR_MVH_INSTRUMENTED,1,60,True,62.21413493156433,,,,,,,
30,4,0.0,25,L_NAMOA_DR_MVH_KDT,1,60,True,62.362764835357666,,,,,,,
30,4,0.0,25,L_NAMOA_KDT_CHOOSEH,1,60,True,62.232067823410034,,,,,,,
30,4,0.0,50,L_NAMOA_DR_MVH_INSTRUMENTED,1,60,True,62.256240367889404,,,,,,,
30,4,0.0,50,L_NAMOA_DR_MVH_KDT,1,60,True,62.26272463798523,,,,,,,
30,4,0.0,50,L_NAMOA_KDT_CHOOSEH,1,60,True,62.194671869277954,,,,,,,
30,4,0.0,100,L_NAMOA_DR_MVH_INSTRUMENTED,1,60,True,62.23371338844299,,,,,,,
30,4,0.0,100,L_NAMOA_DR_MVH_KDT,1,60,True,62.268832206726074,,,,,,,
30,4,0.0,100,L_NAMOA_KDT_CHOOSEH,1,60,True,62.21572685241699,,,,,,,
30,4,-0.3,10,L_NAMOA_DR_MVH_INSTRUMENTED,1,60,True,62.19188928604126,,,,,,,
30,4,-0.3,10,L_NAMOA_DR_MVH_KDT,1,60,True,62.26411581039429,,,,,,,
30,4,-0.3,10,L_NAMOA_KDT_CHOOSEH,1,60,True,62.22379207611084,,,,,,,
30,4,-0.3,25,L_NAMOA_DR_MVH_INSTRUMENTED,1,60,True,62.22890305519104,,,,,,,
30,4,-0.3,25,L_NAMOA_DR_MVH_KDT,1,60,True,62.311847448349,,,,,,,
30,4,-0.3,25,L_NAMOA_KDT_CHOOSEH,1,60,True,62.23991823196411,,,,,,,
30,4,-0.3,50,L_NAMOA_DR_MVH_INSTRUMENTED,1,60,True,63.10180997848511,,,,,,,
30,4,-0.3,50,L_NAMOA_DR_MVH_KDT,1,60,True,62.20175361633301,,,,,,,
30,4,-0.3,50,L_NAMOA_KDT_CHOOSEH,1,60,True,62.35284423828125,,,,,,,
30,4,-0.3,100,L_NAMOA_DR_MVH_INSTRUMENTED,1,60,True,62.200695514678955,,,,,,,
30,4,-0.3,100,L_NAMOA_DR_MVH_KDT,1,60,True,62.2238929271698,,,,,,,
30,4,-0.3,100,L_NAMOA_KDT_CHOOSEH,1,60,True,68.90482687950134,,,,,,,
30,4,-0.6,10,L_NAMOA_DR_MVH_INSTRUMENTED,1,60,True,64.54759097099304,,,,,,,
30,4,-0.6,10,L_NAMOA_DR_MVH_KDT,1,60,True,60.89309334754944,0,553642,1092948,48507092,177459686,,1
30,4,-0.6,10,L_NAMOA_KDT_CHOOSEH,1,60,True,61.64305663108826,0,584903,1157288,5821732,,0,1
30,4,-0.6,25,L_NAMOA_DR_MVH_INSTRUMENTED,1,60,True,61.070724964141846,0,634378,1260236,6319876,,0,1
30,4,-0.6,25,L_NAMOA_DR_MVH_KDT,1,60,True,60.97166562080383,0,479897,940941,40496152,138606328,,1
30,4,-0.6,25,L_NAMOA_KDT_CHOOSEH,1,60,True,61.25249457359314,0,620965,1232328,6184790,,0,1
30,4,-0.6,50,L_NAMOA_DR_MVH_INSTRUMENTED,1,60,True,61.62513494491577,0,583230,1153927,5805001,,0,1
30,4,-0.6,50,L_NAMOA_DR_MVH_KDT,1,60,True,61.158828258514404,0,513949,1012290,44320326,157590887,,1
30,4,-0.6,50,L_NAMOA_KDT_CHOOSEH,1,60,True,61.1498486995697,0,614114,1217401,6115067,,0,1
30,4,-0.6,100,L_NAMOA_DR_MVH_INSTRUMENTED,1,60,True,61.280115842819214,0,653141,1299604,6508996,,0,1
30,4,-0.6,100,L_NAMOA_DR_MVH_KDT,1,60,True,61.215776681900024,0,599317,1188155,53715070,204897841,,1
30,4,-0.6,100,L_NAMOA_KDT_CHOOSEH,1,60,True,61.346845626831055,0,683452,1362338,6813748,,0,1
30,5,0.0,10,L_NAMOA_DR_MVH_INSTRUMENTED,1,60,True,61.79667830467224,0,807523,1298212,7699516,,0,1
30,5,0.0,10,L_NAMOA_DR_MVH_KDT,1,60,True,61.02183723449707,0,635869,997063,50682104,163051385,,1
30,5,0.0,10,L_NAMOA_KDT_CHOOSEH,1,60,True,61.41342377662659,0,699106,1109677,6651425,,0,1
30,5,0.0,25,L_NAMOA_DR_MVH_INSTRUMENTED,1,60,True,61.366671562194824,0,705473,1120268,6712026,,0,1
30,5,0.0,25,L_NAMOA_DR_MVH_KDT,1,60,True,61.2848060131073,0,647322,1018326,52039270,169248947,,1
30,5,0.0,25,L_NAMOA_KDT_CHOOSEH,1,60,True,61.53997445106506,0,723822,1150142,6887132,,0,1
30,5,0.0,50,L_NAMOA_DR_MVH_INSTRUMENTED,1,60,True,61.35747742652893,0,712638,1131486,6779620,,0,1
30,5,0.0,50,L_NAMOA_DR_MVH_KDT,1,60,True,61.59247612953186,0,675671,1066194,55229277,182230237,,1
30,5,0.0,50,L_NAMOA_KDT_CHOOSEH,1,60,True,62.667596101760864,,,,,,,
30,5,0.0,100,L_NAMOA_DR_MVH_INSTRUMENTED,1,60,True,62.223809242248535,,,,,,,
30,5,0.0,100,L_NAMOA_DR_MVH_KDT,1,60,True,62.17871618270874,,,,,,,
30,5,0.0,100,L_NAMOA_KDT_CHOOSEH,1,60,True,62.18495416641235,,,,,,,
30,5,-0.3,10,L_NAMOA_DR_MVH_INSTRUMENTED,1,60,True,62.18222236633301,,,,,,,
30,5,-0.3,10,L_NAMOA_DR_MVH_KDT,1,60,True,62.08248949050903,0,141956,217567,10302595,16660630,,1
30,5,-0.3,10,L_NAMOA_KDT_CHOOSEH,1,60,True,62.1708037853241,,,,,,,
30,5,-0.3,25,L_NAMOA_DR_MVH_INSTRUMENTED,1,60,True,62.184234619140625,,,,,,,
30,5,-0.3,25,L_NAMOA_DR_MVH_KDT,1,60,True,62.21056604385376,,,,,,,
30,5,-0.3,25,L_NAMOA_KDT_CHOOSEH,1,60,True,62.191948890686035,,,,,,,
30,5,-0.3,50,L_NAMOA_DR_MVH_INSTRUMENTED,1,60,True,62.1736261844635,,,,,,,
30,5,-0.3,50,L_NAMOA_DR_MVH_KDT,1,60,True,62.22531723976135,,,,,,,
30,5,-0.3,50,L_NAMOA_KDT_CHOOSEH,1,60,True,62.181620836257935,,,,,,,
30,5,-0.3,100,L_NAMOA_DR_MVH_INSTRUMENTED,1,60,True,62.18515372276306,,,,,,,
30,5,-0.3,100,L_NAMOA_DR_MVH_KDT,1,60,True,62.282031774520874,,,,,,,
30,5,-0.3,100,L_NAMOA_KDT_CHOOSEH,1,60,True,62.19334578514099,,,,,,,
30,5,-0.6,10,L_NAMOA_DR_MVH_INSTRUMENTED,1,60,True,61.7520055770874,0,117229,136733,963033,,0,1
30,5,-0.6,10,L_NAMOA_DR_MVH_KDT,1,60,True,61.25969076156616,0,101417,120153,4487528,6476786,,1
30,5,-0.6,10,L_NAMOA_KDT_CHOOSEH,1,60,True,61.248236417770386,0,117649,137164,966478,,0,1
30,5,-0.6,25,L_NAMOA_DR_MVH_INSTRUMENTED,1,60,True,61.85064744949341,0,114457,133907,940077,,0,1
30,5,-0.6,25,L_NAMOA_DR_MVH_KDT,1,60,True,61.811739444732666,0,93192,110757,4067987,5601966,,1
30,5,-0.6,25,L_NAMOA_KDT_CHOOSEH,1,60,True,62.21179151535034,,,,,,,
30,5,-0.6,50,L_NAMOA_DR_MVH_INSTRUMENTED,1,60,True,62.58792161941528,,,,,,,
30,5,-0.6,50,L_NAMOA_DR_MVH_KDT,1,60,True,62.048232078552246,0,91879,109384,3993891,5476563,,1
30,5,-0.6,50,L_NAMOA_KDT_CHOOSEH,1,60,True,62.28349280357361,,,,,,,
30,5,-0.6,100,L_NAMOA_DR_MVH_INSTRUMENTED,1,60,True,62.784404039382935,,,,,,,
30,5,-0.6,100,L_NAMOA_DR_MVH_KDT,1,60,True,62.22832441329956,,,,,,,
30,5,-0.6,100,L_NAMOA_KDT_CHOOSEH,1,60,False,2.3880670070648193,,,,,,,
30,6,0.0,10,L_NAMOA_DR_MVH_INSTRUMENTED,1,60,False,60.40809988975525,,,,,,,
30,6,0.0,10,L_NAMOA_DR_MVH_KDT,1,60,True,63.22190308570862,,,,,,,
30,6,0.0,10,L_NAMOA_KDT_CHOOSEH,1,60,True,62.30707502365112,,,,,,,
30,6,0.0,25,L_NAMOA_DR_MVH_INSTRUMENTED,1,60,True,62.28021168708801,,,,,,,
30,6,0.0,25,L_NAMOA_DR_MVH_KDT,1,60,True,62.30319833755493,,,,,,,
30,6,0.0,25,L_NAMOA_KDT_CHOOSEH,1,60,True,62.452378034591675,,,,,,,
30,6,0.0,50,L_NAMOA_DR_MVH_INSTRUMENTED,1,60,False,42.97320890426636,,,,,,,
30,6,0.0,50,L_NAMOA_DR_MVH_KDT,1,60,True,62.2719452381134,,,,,,,
30,6,0.0,50,L_NAMOA_KDT_CHOOSEH,1,60,True,62.22533941268921,,,,,,,
30,6,0.0,100,L_NAMOA_DR_MVH_INSTRUMENTED,1,60,True,62.24220395088196,,,,,,,
30,6,0.0,100,L_NAMOA_DR_MVH_KDT,1,60,True,62.23420429229736,,,,,,,
30,6,0.0,100,L_NAMOA_KDT_CHOOSEH,1,60,True,62.41511344909668,,,,,,,
30,6,-0.3,10,L_NAMOA_DR_MVH_INSTRUMENTED,1,60,True,62.16582131385803,,,,,,,
30,6,-0.3,10,L_NAMOA_DR_MVH_KDT,1,60,True,61.3962926864624,0,89530,102890,5009093,3822927,,1
30,6,-0.3,10,L_NAMOA_KDT_CHOOSEH,1,60,True,61.354538679122925,0,105204,119337,897811,,0,1
30,6,-0.3,25,L_NAMOA_DR_MVH_INSTRUMENTED,1,60,True,61.71839714050293,0,105335,119468,898870,,0,1
30,6,-0.3,25,L_NAMOA_DR_MVH_KDT,1,60,True,61.745766401290894,0,87388,100599,4831918,3650082,,1
30,6,-0.3,25,L_NAMOA_KDT_CHOOSEH,1,60,True,61.85259556770325,0,105929,120085,903769,,0,1
30,6,-0.3,50,L_NAMOA_DR_MVH_INSTRUMENTED,1,60,True,62.30917406082153,,,,,,,
30,6,-0.3,50,L_NAMOA_DR_MVH_KDT,1,60,True,62.20659780502319,,,,,,,
30,6,-0.3,50,L_NAMOA_KDT_CHOOSEH,1,60,True,62.17869782447815,,,,,,,
30,6,-0.3,100,L_NAMOA_DR_MVH_INSTRUMENTED,1,60,True,62.144410848617554,,,,,,,
30,6,-0.3,100,L_NAMOA_DR_MVH_KDT,1,60,True,62.1558735370636,,,,,,,
30,6,-0.3,100,L_NAMOA_KDT_CHOOSEH,1,60,True,62.15463423728943,,,,,,,
30,6,-0.6,10,L_NAMOA_DR_MVH_INSTRUMENTED,1,60,True,62.16329312324524,,,,,,,
30,6,-0.6,10,L_NAMOA_DR_MVH_KDT,1,60,True,61.815768003463745,0,92477,111469,5758424,3977168,,1
30,6,-0.6,10,L_NAMOA_KDT_CHOOSEH,1,60,True,62.23289728164673,,,,,,,
30,6,-0.6,25,L_NAMOA_DR_MVH_INSTRUMENTED,1,60,True,62.166703939437866,,,,,,,
30,6,-0.6,25,L_NAMOA_DR_MVH_KDT,1,60,True,62.331074237823486,,,,,,,
30,6,-0.6,25,L_NAMOA_KDT_CHOOSEH,1,60,True,61.959805727005005,0,108846,129581,999873,,0,1
30,6,-0.6,50,L_NAMOA_DR_MVH_INSTRUMENTED,1,60,True,62.17159461975098,,,,,,,
30,6,-0.6,50,L_NAMOA_DR_MVH_KDT,1,60,True,62.162802934646606,,,,,,,
30,6,-0.6,50,L_NAMOA_KDT_CHOOSEH,1,60,True,62.23227000236511,,,,,,,
30,6,-0.6,100,L_NAMOA_DR_MVH_INSTRUMENTED,1,60,True,62.15226221084595,,,,,,,
30,6,-0.6,100,L_NAMOA_DR_MVH_KDT,1,60,True,62.218430280685425,,,,,,,
30,6,-0.6,100,L_NAMOA_KDT_CHOOSEH,1,60,True,62.31628608703613,,,,,,,
30,7,0.0,10,L_NAMOA_DR_MVH_INSTRUMENTED,1,60,True,62.4493887424469,,,,,,,
30,7,0.0,10,L_NAMOA_DR_MVH_KDT,1,60,True,61.24385857582092,0,86904,95147,4372908,6522334,,1
30,7,0.0,10,L_NAMOA_KDT_CHOOSEH,1,60,True,61.08139085769653,0,101482,110072,811194,,0,1
30,7,0.0,25,L_NAMOA_DR_MVH_INSTRUMENTED,1,60,True,61.58633279800415,0,100591,109173,804489,,0,1
