timestamp,domain,instance,M,rho,eps,sols,exp,maya_time_s,fast_time_s,fast2_time_s,speedup_fast2_vs_maya,speedup_fast2_vs_fast,maya_cmp_ch,fast_cmpfull,fast2_cmpfull,cmpfull_reduction_pct,fast2_cmpchk,fast2_cmpupd,bit_identical
2026-10-02 04:24:39,ROAD_BAY,bay_800_5d,5,none,0.1,7617,34885,20.6188,0.4826,0.4781,43.13x,1.01x,2022873026.0,284206,0,100.0%,6336479,1220946,TRUE
2026-10-02 04:25:31,GRID_APEX,grid_n7_m7_rho-0.2,7,-0.2,0.05,32643,91704,52.3451,2.3041,2.0056,26.10x,1.15x,2110710318.0,113925977,14253902,87.5%,18613666,4508796,TRUE
2026-10-02 04:27:24,GRID_APEX,grid_n6_m8_rho-0.2,8,-0.2,0.05,47079,99244,112.5035,2.7912,2.513,44.77x,1.11x,3413830086.0,220248133,97372215,55.8%,18654091,6055301,TRUE
2026-10-02 04:29:07,GRID_APEX,grid_n7_m7_rho-0.4,7,-0.4,0.05,49884,132959,103.5804,4.3011,3.5171,29.45x,1.22x,4723154986.0,288230927,37595701,87.0%,26939801,6439059,TRUE
2026-10-02 08:41:04,GRID_APEX,grid_n8_m6_rho-0.2,6,-0.2,0.05,104480,293896,214.7472,11.4187,8.2459,26.04x,1.38x,26052343466.0,1190728176,277487335,76.7%,54224813,12588234,TRUE
2026-10-02 09:43:59,ROAD_BAY,bay_800_6d,6,none,0.1,94886,352012,3775.0492,8.2753,8.3893,449.98x,0.99x,225769032936.0,40662904,2092282,94.9%,90200822,14053302,TRUE
2026-10-02 10:09:13,GRID_APEX,grid_n8_m7_rho-0.2,7,-0.2,0.05,124943,373533,1513.6742,17.081,13.2402,114.32x,1.29x,26677267934.0,1344621310,264202027,80.4%,91811394,21104988,TRUE
2026-10-02 10:25:59,GRID_APEX,grid_n7_m8_rho-0.2,8,-0.2,0.05,175239,445827,1006.4581,35.068,20.7305,48.55x,1.69x,62231751680.0,5164189040,1356354060,73.7%,122994951,35939536,TRUE
2026-10-02 11:23:10,GRID_APEX,grid_9x9_m7_rho-0.4,7,-0.4,0.05,266224,815838,3430.2758,348.4235,145.1816,23.63x,2.40x,59395571739.0,9712144953,1956531752,79.9%,197781991,51476823,TRUE
2026-10-02 13:45:43,GRID_APEX,grid_8x8_m8_rho-0.4,8,-0.4,0.05,366205,1033695,8552.902,416.6089,217.9154,39.25x,1.91x,150720946502.0,6481334718,1286577683,80.1%,360708021,111588809,TRUE
2026-10-02 15:36:09,GRID_APEX,grid_9x9_m7_rho0.0,7,0.0,0.05,416597,1305173,6625.8697,663.9339,359.0082,18.46x,1.85x,155020058459.0,19397048677,4987844231,74.3%,375419914,95199480,TRUE
2026-10-03 01:19:43,GRID_APEX,grid_8x8_m8_rho-0.2,8,-0.2,0.05,1082326,3092096,35013.4148,9638.8392,1197.7618,29.23x,8.05x,,311457391449,59317871622,81.0%,1412632831,515146822,FALSE
