name,family,M,eps,solver,rep,status,wall_s,sol_sha256,cmd,stats
nyr5k_M4,ny,4,0.01,fast,0,ok,4.371,0d1c58539f73232eeeae1b90d2a54e9d4f8fa0ab02a167ccbefd33ce29667024,C:\Users\BARFE\.copilot\repos\copilot-worktrees\fast-mvh-kdt\barfe-aicahub-vigilant-robot\scratchpad\build_fast\fast_mvh.exe --map C:\Users\BARFE\.copilot\repos\copilot-worktrees\fast-mvh-kdt\barfe-aicahub-jubilant-engine\scratchpad\inst\nyr5k_M4 --start 1 --goal 5000 --algorithm L_NAMOA_DR_MVH_FAST3 --mvh C:\Users\BARFE\.copilot\repos\copilot-worktrees\fast-mvh-kdt\barfe-aicahub-jubilant-engine\scratchpad\inst\nyr5k_M4\apex_e0.01.mvh --cutoffTime 300 --sol-out benchmarks\runs\2026-10-04_123702_fast_m3_6_probe\sols\nyr5k_M4_fast.sol,"{""algorithm"": ""L_NAMOA_DR_MVH_FAST3"", ""source"": ""1"", ""target"": ""5000"", ""num_solutions"": ""7105"", ""num_expansion"": ""144117"", ""num_generation"": ""547577"", ""runtime_s"": ""1.645"", ""time_limit_reached"": ""0"", ""cmpchk"": ""39818647"", ""cmpupd"": ""6075273"", ""cmp_chooseh"": ""76651854"", ""cmp_full"": ""2753207"", ""num_full_dominance_check"": ""58440"", ""num_good_fallback"": ""56378"", ""num_bad_fallback"": ""2062"", ""num_fallback_indexed"": ""108560""}"
nyr8k_M4,ny,4,0.05,fast,0,ok,2.725,b3cb703cbea4e34977c6dbc80cdbc102234d4e08d64c7f380ae70b802c43b0b3,C:\Users\BARFE\.copilot\repos\copilot-worktrees\fast-mvh-kdt\barfe-aicahub-vigilant-robot\scratchpad\build_fast\fast_mvh.exe --map C:\Users\BARFE\.copilot\repos\copilot-worktrees\fast-mvh-kdt\barfe-aicahub-jubilant-engine\scratchpad\inst\nyr8k_M4 --start 1 --goal 8000 --algorithm L_NAMOA_DR_MVH_FAST3 --mvh C:\Users\BARFE\.copilot\repos\copilot-worktrees\fast-mvh-kdt\barfe-aicahub-jubilant-engine\scratchpad\inst\nyr8k_M4\apex_e0.05.mvh --cutoffTime 300 --sol-out benchmarks\runs\2026-10-04_123702_fast_m3_6_probe\sols\nyr8k_M4_fast.sol,"{""algorithm"": ""L_NAMOA_DR_MVH_FAST3"", ""source"": ""1"", ""target"": ""8000"", ""num_solutions"": ""5713"", ""num_expansion"": ""195594"", ""num_generation"": ""614621"", ""runtime_s"": ""1.13"", ""time_limit_reached"": ""0"", ""cmpchk"": ""56678702"", ""cmpupd"": ""7300843"", ""cmp_chooseh"": ""40715114"", ""cmp_full"": ""155667"", ""num_full_dominance_check"": ""5439"", ""num_good_fallback"": ""5037"", ""num_bad_fallback"": ""402"", ""num_fallback_indexed"": ""46629""}"
nyr5k_M5,ny,5,0.05,fast,0,ok,8.429,e0602c0f52cbdc1e9b2dcd28dc48e4ff6ded4fe278438fb8e81b58f9d080d432,C:\Users\BARFE\.copilot\repos\copilot-worktrees\fast-mvh-kdt\barfe-aicahub-vigilant-robot\scratchpad\build_fast\fast_mvh.exe --map C:\Users\BARFE\.copilot\repos\copilot-worktrees\fast-mvh-kdt\barfe-aicahub-jubilant-engine\scratchpad\inst\nyr5k_M5 --start 1 --goal 5000 --algorithm L_NAMOA_DR_MVH_FAST3 --mvh C:\Users\BARFE\.copilot\repos\copilot-worktrees\fast-mvh-kdt\barfe-aicahub-jubilant-engine\scratchpad\inst\nyr5k_M5\apex_e0.05.mvh --cutoffTime 300 --sol-out benchmarks\runs\2026-10-04_123702_fast_m3_6_probe\sols\nyr5k_M5_fast.sol,"{""algorithm"": ""L_NAMOA_DR_MVH_FAST3"", ""source"": ""1"", ""target"": ""5000"", ""num_solutions"": ""26701"", ""num_expansion"": ""503505"", ""num_generation"": ""1575429"", ""runtime_s"": ""5.747"", ""time_limit_reached"": ""0"", ""cmpchk"": ""114367941"", ""cmpupd"": ""15990763"", ""cmp_chooseh"": ""167436153"", ""cmp_full"": ""4832631"", ""num_full_dominance_check"": ""91934"", ""num_good_fallback"": ""82803"", ""num_bad_fallback"": ""9131"", ""num_fallback_indexed"": ""354625""}"
nyr3k_M6,ny,6,0.05,fast,0,ok,2.871,20d127152045ecbca654b656e45de94813dd31e9aa588bd0cb94917f5847815f,C:\Users\BARFE\.copilot\repos\copilot-worktrees\fast-mvh-kdt\barfe-aicahub-vigilant-robot\scratchpad\build_fast\fast_mvh.exe --map C:\Users\BARFE\.copilot\repos\copilot-worktrees\fast-mvh-kdt\barfe-aicahub-jubilant-engine\scratchpad\inst\nyr3k_M6 --start 1 --goal 3000 --algorithm L_NAMOA_DR_MVH_FAST3 --mvh C:\Users\BARFE\.copilot\repos\copilot-worktrees\fast-mvh-kdt\barfe-aicahub-jubilant-engine\scratchpad\inst\nyr3k_M6\apex_e0.05.mvh --cutoffTime 300 --sol-out benchmarks\runs\2026-10-04_123702_fast_m3_6_probe\sols\nyr3k_M6_fast.sol,"{""algorithm"": ""L_NAMOA_DR_MVH_FAST3"", ""source"": ""1"", ""target"": ""3000"", ""num_solutions"": ""11286"", ""num_expansion"": ""127349"", ""num_generation"": ""315007"", ""runtime_s"": ""1.228"", ""time_limit_reached"": ""0"", ""cmpchk"": ""34786138"", ""cmpupd"": ""2115382"", ""cmp_chooseh"": ""45485578"", ""cmp_full"": ""1450"", ""num_full_dominance_check"": ""333"", ""num_good_fallback"": ""333"", ""num_bad_fallback"": ""0"", ""num_fallback_indexed"": ""1715""}"
nyr5k_M6,ny,6,0.1,fast,0,ok,68.225,84bcbda71d12e6f822cee52859dbc8827b0ffcbb01918b039ce9204bee13f9e6,C:\Users\BARFE\.copilot\repos\copilot-worktrees\fast-mvh-kdt\barfe-aicahub-vigilant-robot\scratchpad\build_fast\fast_mvh.exe --map C:\Users\BARFE\.copilot\repos\copilot-worktrees\fast-mvh-kdt\barfe-aicahub-jubilant-engine\scratchpad\inst\nyr5k_M6 --start 1 --goal 5000 --algorithm L_NAMOA_DR_MVH_FAST3 --mvh C:\Users\BARFE\.copilot\repos\copilot-worktrees\fast-mvh-kdt\barfe-aicahub-jubilant-engine\scratchpad\inst\nyr5k_M6\apex_e0.1.mvh --cutoffTime 300 --sol-out benchmarks\runs\2026-10-04_123702_fast_m3_6_probe\sols\nyr5k_M6_fast.sol,"{""algorithm"": ""L_NAMOA_DR_MVH_FAST3"", ""source"": ""1"", ""target"": ""5000"", ""num_solutions"": ""184366"", ""num_expansion"": ""2642117"", ""num_generation"": ""6762627"", ""runtime_s"": ""65.884"", ""time_limit_reached"": ""0"", ""cmpchk"": ""835426684"", ""cmpupd"": ""71773732"", ""cmp_chooseh"": ""1396800548"", ""cmp_full"": ""13270018"", ""num_full_dominance_check"": ""185455"", ""num_good_fallback"": ""176019"", ""num_bad_fallback"": ""9436"", ""num_fallback_indexed"": ""1315760""}"
nyr8k_M5,ny,5,0.1,fast,0,ok,36.623,3511f80d13c7975a8aa1fc2bf3958fb92e86d53a66a1e89dce43bf3278d03eec,C:\Users\BARFE\.copilot\repos\copilot-worktrees\fast-mvh-kdt\barfe-aicahub-vigilant-robot\scratchpad\build_fast\fast_mvh.exe --map C:\Users\BARFE\.copilot\repos\copilot-worktrees\fast-mvh-kdt\barfe-aicahub-jubilant-engine\scratchpad\inst\nyr8k_M5 --start 1 --goal 8000 --algorithm L_NAMOA_DR_MVH_FAST3 --mvh C:\Users\BARFE\.copilot\repos\copilot-worktrees\fast-mvh-kdt\barfe-aicahub-jubilant-engine\scratchpad\inst\nyr8k_M5\apex_e0.1.mvh --cutoffTime 300 --sol-out benchmarks\runs\2026-10-04_123702_fast_m3_6_probe\sols\nyr8k_M5_fast.sol,"{""algorithm"": ""L_NAMOA_DR_MVH_FAST3"", ""source"": ""1"", ""target"": ""8000"", ""num_solutions"": ""57902"", ""num_expansion"": ""2049014"", ""num_generation"": ""5497968"", ""runtime_s"": ""34.519"", ""time_limit_reached"": ""0"", ""cmpchk"": ""530218861"", ""cmpupd"": ""44054291"", ""cmp_chooseh"": ""568582915"", ""cmp_full"": ""4550756"", ""num_full_dominance_check"": ""75986"", ""num_good_fallback"": ""75322"", ""num_bad_fallback"": ""664"", ""num_fallback_indexed"": ""306249""}"
bay8_M5,bay,5,0.1,fast,0,ok,21.362,13cea0e1528e795b107fa17589368b35ccc55da354ae49f1022d047b5dca106a,C:\Users\BARFE\.copilot\repos\copilot-worktrees\fast-mvh-kdt\barfe-aicahub-vigilant-robot\scratchpad\build_fast\fast_mvh.exe --map C:\Users\BARFE\.copilot\repos\copilot-worktrees\fast-mvh-kdt\barfe-aicahub-vigilant-robot\benchmarks\runs\2026-09-29_122346_bay_and_3d\inputs\BAY8000_M5 --start 1 --goal 8000 --algorithm L_NAMOA_DR_MVH_FAST3 --mvh C:\Users\BARFE\.copilot\repos\copilot-worktrees\fast-mvh-kdt\barfe-aicahub-vigilant-robot\benchmarks\runs\2026-09-29_122346_bay_and_3d\inputs\BAY8000_M5\apex_e0.1_lex.mvh --cutoffTime 300 --sol-out benchmarks\runs\2026-10-04_123702_fast_m3_6_probe\sols\bay8_M5_fast.sol,"{""algorithm"": ""L_NAMOA_DR_MVH_FAST3"", ""source"": ""1"", ""target"": ""8000"", ""num_solutions"": ""33104"", ""num_expansion"": ""1195876"", ""num_generation"": ""3324340"", ""runtime_s"": ""20.187"", ""time_limit_reached"": ""0"", ""cmpchk"": ""354655872"", ""cmpupd"": ""28382974"", ""cmp_chooseh"": ""617018555"", ""cmp_full"": ""1304404"", ""num_full_dominance_check"": ""45531"", ""num_good_fallback"": ""45131"", ""num_bad_fallback"": ""400"", ""num_fallback_indexed"": ""123462""}"
bay16_M4,bay,4,0.1,fast,0,ok,21.496,783038b17fe9cae39731ec8bb80828b429ef5a1d9de9bbfe09de67d362ed2416,C:\Users\BARFE\.copilot\repos\copilot-worktrees\fast-mvh-kdt\barfe-aicahub-vigilant-robot\scratchpad\build_fast\fast_mvh.exe --map C:\Users\BARFE\.copilot\repos\copilot-worktrees\fast-mvh-kdt\barfe-aicahub-vigilant-robot\benchmarks\runs\2026-09-29_122346_bay_and_3d\inputs\BAY16000_M4 --start 1 --goal 16000 --algorithm L_NAMOA_DR_MVH_FAST3 --mvh C:\Users\BARFE\.copilot\repos\copilot-worktrees\fast-mvh-kdt\barfe-aicahub-vigilant-robot\benchmarks\runs\2026-09-29_122346_bay_and_3d\inputs\BAY16000_M4\apex_e0.1_lex.mvh --cutoffTime 300 --sol-out benchmarks\runs\2026-10-04_123702_fast_m3_6_probe\sols\bay16_M4_fast.sol,"{""algorithm"": ""L_NAMOA_DR_MVH_FAST3"", ""source"": ""1"", ""target"": ""16000"", ""num_solutions"": ""55069"", ""num_expansion"": ""2881236"", ""num_generation"": ""6896053"", ""runtime_s"": ""19.316"", ""time_limit_reached"": ""0"", ""cmpchk"": ""519369645"", ""cmpupd"": ""74539249"", ""cmp_chooseh"": ""173912382"", ""cmp_full"": ""2355693"", ""num_full_dominance_check"": ""52298"", ""num_good_fallback"": ""49448"", ""num_bad_fallback"": ""2850"", ""num_fallback_indexed"": ""1907771""}"
bay8_M6,bay,6,0.1,fast,0,timeout,306.427,,C:\Users\BARFE\.copilot\repos\copilot-worktrees\fast-mvh-kdt\barfe-aicahub-vigilant-robot\scratchpad\build_fast\fast_mvh.exe --map C:\Users\BARFE\.copilot\repos\copilot-worktrees\fast-mvh-kdt\barfe-aicahub-vigilant-robot\benchmarks\runs\2026-09-29_122346_bay_and_3d\inputs\BAY8000_M6 --start 1 --goal 8000 --algorithm L_NAMOA_DR_MVH_FAST3 --mvh C:\Users\BARFE\.copilot\repos\copilot-worktrees\fast-mvh-kdt\barfe-aicahub-vigilant-robot\benchmarks\runs\2026-09-29_122346_bay_and_3d\inputs\BAY8000_M6\apex_e0.1_lex.mvh --cutoffTime 300 --sol-out benchmarks\runs\2026-10-04_123702_fast_m3_6_probe\sols\bay8_M6_fast.sol,"{""algorithm"": ""L_NAMOA_DR_MVH_FAST3"", ""source"": ""1"", ""target"": ""8000"", ""num_solutions"": ""160110"", ""num_expansion"": ""6581232"", ""num_generation"": ""16497417"", ""runtime_s"": ""302.11"", ""time_limit_reached"": ""1"", ""cmpchk"": ""2980170789"", ""cmpupd"": ""144520331"", ""cmp_chooseh"": ""7907544673"", ""cmp_full"": ""13653115"", ""num_full_dominance_check"": ""212258"", ""num_good_fallback"": ""209214"", ""num_bad_fallback"": ""3044"", ""num_fallback_indexed"": ""955592""}"
