instance,mvh,algo,rep,sols,exp,gen,reins,full,cmp,wall,identical
grid10_M5_r-0.3_s42_K50,K50.mvh,MAYA,0,57355,536710,804166,91125,815327,0,181.0188,REF
grid15_M3_r-0.3_s42_K100,K100.mvh,MAYA,0,2160,152136,294080,24944,168239,0,2.0466,REF
grid10_M6_r0.0_s42_K25,K25.mvh,MAYA,0,,,,,,,TIMEOUT,
grid_10x10_d4_tradeoff_cyc1_g10d4c1_apex,g10d4c1_apex.mvh,MAYA,0,11330,47305,83990,17560,9450,0,2.1677,REF
grid10_M4_r-0.6_s42_K10,K10.mvh,MAYA,0,8592,166937,270255,14816,173119,0,11.0327,REF
grid10_M4_r-0.6_s42_K25,K25.mvh,MAYA,0,8856,178758,289720,20587,257618,0,17.9567,REF
grid10_M4_r-0.6_s42_K100,K100.mvh,MAYA,0,11510,187397,315841,28702,277767,0,25.3730,REF
grid15_M3_r-0.6_s42_K200,K200.mvh,MAYA,0,2785,186078,385256,32549,175199,0,5.8862,REF
grid12_M4_r0.0_s42_K50,K50.mvh,MAYA,0,16147,283658,414207,29443,397875,0,51.4897,REF
